State_cd_num,State_cd_alpha,County_cd,State_nm,County_nm
01,AL,01001,Alabama,Autauga
01,AL,01003,Alabama,Baldwin
01,AL,01005,Alabama,Barbour
01,AL,01007,Alabama,Bibb
01,AL,01009,Alabama,Blount
01,AL,01011,Alabama,Bullock
01,AL,01013,Alabama,Butler
01,AL,01015,Alabama,Calhoun
01,AL,01017,Alabama,Chambers
01,AL,01019,Alabama,Cherokee
01,AL,01021,Alabama,Chilton
01,AL,01023,Alabama,Choctaw
01,AL,01025,Alabama,Clarke
01,AL,01027,Alabama,Clay
01,AL,01029,Alabama,Cleburne
01,AL,01031,Alabama,Coffee
01,AL,01033,Alabama,Colbert
01,AL,01035,Alabama,Conecuh
01,AL,01037,Alabama,Coosa
01,AL,01039,Alabama,Covington
01,AL,01041,Alabama,Crenshaw
01,AL,01043,Alabama,Cullman
01,AL,01045,Alabama,Dale
01,AL,01047,Alabama,Dallas
01,AL,01049,Alabama,DeKalb
01,AL,01051,Alabama,Elmore
01,AL,01053,Alabama,Escambia
01,AL,01055,Alabama,Etowah
01,AL,01057,Alabama,Fayette
01,AL,01059,Alabama,Franklin
01,AL,01061,Alabama,Geneva
01,AL,01063,Alabama,Greene
01,AL,01065,Alabama,Hale
01,AL,01067,Alabama,Henry
01,AL,01069,Alabama,Houston
01,AL,01071,Alabama,Jackson
01,AL,01073,Alabama,Jefferson
01,AL,01075,Alabama,Lamar
01,AL,01077,Alabama,Lauderdale
01,AL,01079,Alabama,Lawrence
01,AL,01081,Alabama,Lee
01,AL,01083,Alabama,Limestone
01,AL,01085,Alabama,Lowndes
01,AL,01087,Alabama,Macon
01,AL,01089,Alabama,Madison
01,AL,01091,Alabama,Marengo
01,AL,01093,Alabama,Marion
01,AL,01095,Alabama,Marshall
01,AL,01097,Alabama,Mobile
01,AL,01099,Alabama,Monroe
01,AL,01101,Alabama,Montgomery
01,AL,01103,Alabama,Morgan
01,AL,01105,Alabama,Perry
01,AL,01107,Alabama,Pickens
01,AL,01109,Alabama,Pike
01,AL,01111,Alabama,Randolph
01,AL,01113,Alabama,Russell
01,AL,01115,Alabama,St. Clair
01,AL,01117,Alabama,Shelby
01,AL,01119,Alabama,Sumter
01,AL,01121,Alabama,Talladega
01,AL,01123,Alabama,Tallapoosa
01,AL,01125,Alabama,Tuscaloosa
01,AL,01127,Alabama,Walker
01,AL,01129,Alabama,Washington
01,AL,01131,Alabama,Wilcox
01,AL,01133,Alabama,Winston
02,AK,02013,Alaska,Aleutians East
02,AK,02016,Alaska,Aleutians West
02,AK,02020,Alaska,Anchorage
02,AK,02050,Alaska,Bethel
02,AK,02060,Alaska,Bristol Bay
02,AK,02068,Alaska,Denali
02,AK,02070,Alaska,Dillingham
02,AK,02090,Alaska,Fairbanks North Star
02,AK,02100,Alaska,Haines
02,AK,02105,Alaska,Hoonah-Angoon
02,AK,02110,Alaska,Juneau
02,AK,02122,Alaska,Kenai Peninsula
02,AK,02130,Alaska,Ketchikan Gateway
02,AK,02150,Alaska,Kodiak Island
02,AK,02158,Alaska,Kusilvak
02,AK,02164,Alaska,Lake and Peninsula
02,AK,02170,Alaska,Matanuska-Susitna
02,AK,02180,Alaska,Nome
02,AK,02185,Alaska,North Slope
02,AK,02188,Alaska,Northwest Arctic
02,AK,02195,Alaska,Petersburg
02,AK,02198,Alaska,Prince of Wales-Hyder
02,AK,02220,Alaska,Sitka
02,AK,02230,Alaska,Skagway
02,AK,02240,Alaska,Southeast Fairbanks
02,AK,02261,Alaska,Valdez-Cordova
02,AK,02275,Alaska,Wrangell
02,AK,02282,Alaska,Yakutat
02,AK,02290,Alaska,Yukon-Koyukuk
04,AZ,04001,Arizona,Apache
04,AZ,04003,Arizona,Cochise
04,AZ,04005,Arizona,Coconino
04,AZ,04007,Arizona,Gila
04,AZ,04009,Arizona,Graham
04,AZ,04011,Arizona,Greenlee
04,AZ,04012,Arizona,La Paz
04,AZ,04013,Arizona,Maricopa
04,AZ,04015,Arizona,Mohave
04,AZ,04017,Arizona,Navajo
04,AZ,04019,Arizona,Pima
04,AZ,04021,Arizona,Pinal
04,AZ,04023,Arizona,Santa Cruz
04,AZ,04025,Arizona,Yavapai
04,AZ,04027,Arizona,Yuma
05,AR,05001,Arkansas,Arkansas
05,AR,05003,Arkansas,Ashley
05,AR,05005,Arkansas,Baxter
05,AR,05007,Arkansas,Benton
05,AR,05009,Arkansas,Boone
05,AR,05011,Arkansas,Bradley
05,AR,05013,Arkansas,Calhoun
05,AR,05015,Arkansas,Carroll
05,AR,05017,Arkansas,Chicot
05,AR,05019,Arkansas,Clark
05,AR,05021,Arkansas,Clay
05,AR,05023,Arkansas,Cleburne
05,AR,05025,Arkansas,Cleveland
05,AR,05027,Arkansas,Columbia
05,AR,05029,Arkansas,Conway
05,AR,05031,Arkansas,Craighead
05,AR,05033,Arkansas,Crawford
05,AR,05035,Arkansas,Crittenden
05,AR,05037,Arkansas,Cross
05,AR,05039,Arkansas,Dallas
05,AR,05041,Arkansas,Desha
05,AR,05043,Arkansas,Drew
05,AR,05045,Arkansas,Faulkner
05,AR,05047,Arkansas,Franklin
05,AR,05049,Arkansas,Fulton
05,AR,05051,Arkansas,Garland
05,AR,05053,Arkansas,Grant
05,AR,05055,Arkansas,Greene
05,AR,05057,Arkansas,Hempstead
05,AR,05059,Arkansas,Hot Spring
05,AR,05061,Arkansas,Howard
05,AR,05063,Arkansas,Independence
05,AR,05065,Arkansas,Izard
05,AR,05067,Arkansas,Jackson
05,AR,05069,Arkansas,Jefferson
05,AR,05071,Arkansas,Johnson
05,AR,05073,Arkansas,Lafayette
05,AR,05075,Arkansas,Lawrence
05,AR,05077,Arkansas,Lee
05,AR,05079,Arkansas,Lincoln
05,AR,05081,Arkansas,Little River
05,AR,05083,Arkansas,Logan
05,AR,05085,Arkansas,Lonoke
05,AR,05087,Arkansas,Madison
05,AR,05089,Arkansas,Marion
05,AR,05091,Arkansas,Miller
05,AR,05093,Arkansas,Mississippi
05,AR,05095,Arkansas,Monroe
05,AR,05097,Arkansas,Montgomery
05,AR,05099,Arkansas,Nevada
05,AR,05101,Arkansas,Newton
05,AR,05103,Arkansas,Ouachita
05,AR,05105,Arkansas,Perry
05,AR,05107,Arkansas,Phillips
05,AR,05109,Arkansas,Pike
05,AR,05111,Arkansas,Poinsett
05,AR,05113,Arkansas,Polk
05,AR,05115,Arkansas,Pope
05,AR,05117,Arkansas,Prairie
05,AR,05119,Arkansas,Pulaski
05,AR,05121,Arkansas,Randolph
05,AR,05123,Arkansas,St. Francis
05,AR,05125,Arkansas,Saline
05,AR,05127,Arkansas,Scott
05,AR,05129,Arkansas,Searcy
05,AR,05131,Arkansas,Sebastian
05,AR,05133,Arkansas,Sevier
05,AR,05135,Arkansas,Sharp
05,AR,05137,Arkansas,Stone
05,AR,05139,Arkansas,Union
05,AR,05141,Arkansas,Van Buren
05,AR,05143,Arkansas,Washington
05,AR,05145,Arkansas,White
05,AR,05147,Arkansas,Woodruff
05,AR,05149,Arkansas,Yell
06,CA,06001,California,Alameda
06,CA,06003,California,Alpine
06,CA,06005,California,Amador
06,CA,06007,California,Butte
06,CA,06009,California,Calaveras
06,CA,06011,California,Colusa
06,CA,06013,California,Contra Costa
06,CA,06015,California,Del Norte
06,CA,06017,California,El Dorado
06,CA,06019,California,Fresno
06,CA,06021,California,Glenn
06,CA,06023,California,Humboldt
06,CA,06025,California,Imperial
06,CA,06027,California,Inyo
06,CA,06029,California,Kern
06,CA,06031,California,Kings
06,CA,06033,California,Lake
06,CA,06035,California,Lassen
06,CA,06037,California,Los Angeles
06,CA,06039,California,Madera
06,CA,06041,California,Marin
06,CA,06043,California,Mariposa
06,CA,06045,California,Mendocino
06,CA,06047,California,Merced
06,CA,06049,California,Modoc
06,CA,06051,California,Mono
06,CA,06053,California,Monterey
06,CA,06055,California,Napa
06,CA,06057,California,Nevada
06,CA,06059,California,Orange
06,CA,06061,California,Placer
06,CA,06063,California,Plumas
06,CA,06065,California,Riverside
06,CA,06067,California,Sacramento
06,CA,06069,California,San Benito
06,CA,06071,California,San Bernardino
06,CA,06073,California,San Diego
06,CA,06075,California,San Francisco
06,CA,06077,California,San Joaquin
06,CA,06079,California,San Luis Obispo
06,CA,06081,California,San Mateo
06,CA,06083,California,Santa Barbara
06,CA,06085,California,Santa Clara
06,CA,06087,California,Santa Cruz
06,CA,06089,California,Shasta
06,CA,06091,California,Sierra
06,CA,06093,California,Siskiyou
06,CA,06095,California,Solano
06,CA,06097,California,Sonoma
06,CA,06099,California,Stanislaus
06,CA,06101,California,Sutter
06,CA,06103,California,Tehama
06,CA,06105,California,Trinity
06,CA,06107,California,Tulare
06,CA,06109,California,Tuolumne
06,CA,06111,California,Ventura
06,CA,06113,California,Yolo
06,CA,06115,California,Yuba
08,CO,08001,Colorado,Adams
08,CO,08003,Colorado,Alamosa
08,CO,08005,Colorado,Arapahoe
08,CO,08007,Colorado,Archuleta
08,CO,08009,Colorado,Baca
08,CO,08011,Colorado,Bent
08,CO,08013,Colorado,Boulder
08,CO,08014,Colorado,Broomfield
08,CO,08015,Colorado,Chaffee
08,CO,08017,Colorado,Cheyenne
08,CO,08019,Colorado,Clear Creek
08,CO,08021,Colorado,Conejos
08,CO,08023,Colorado,Costilla
08,CO,08025,Colorado,Crowley
08,CO,08027,Colorado,Custer
08,CO,08029,Colorado,Delta
08,CO,08031,Colorado,Denver
08,CO,08033,Colorado,Dolores
08,CO,08035,Colorado,Douglas
08,CO,08037,Colorado,Eagle
08,CO,08039,Colorado,Elbert
08,CO,08041,Colorado,El Paso
08,CO,08043,Colorado,Fremont
08,CO,08045,Colorado,Garfield
08,CO,08047,Colorado,Gilpin
08,CO,08049,Colorado,Grand
08,CO,08051,Colorado,Gunnison
08,CO,08053,Colorado,Hinsdale
08,CO,08055,Colorado,Huerfano
08,CO,08057,Colorado,Jackson
08,CO,08059,Colorado,Jefferson
08,CO,08061,Colorado,Kiowa
08,CO,08063,Colorado,Kit Carson
08,CO,08065,Colorado,Lake
08,CO,08067,Colorado,La Plata
08,CO,08069,Colorado,Larimer
08,CO,08071,Colorado,Las Animas
08,CO,08073,Colorado,Lincoln
08,CO,08075,Colorado,Logan
08,CO,08077,Colorado,Mesa
08,CO,08079,Colorado,Mineral
08,CO,08081,Colorado,Moffat
08,CO,08083,Colorado,Montezuma
08,CO,08085,Colorado,Montrose
08,CO,08087,Colorado,Morgan
08,CO,08089,Colorado,Otero
08,CO,08091,Colorado,Ouray
08,CO,08093,Colorado,Park
08,CO,08095,Colorado,Phillips
08,CO,08097,Colorado,Pitkin
08,CO,08099,Colorado,Prowers
08,CO,08101,Colorado,Pueblo
08,CO,08103,Colorado,Rio Blanco
08,CO,08105,Colorado,Rio Grande
08,CO,08107,Colorado,Routt
08,CO,08109,Colorado,Saguache
08,CO,08111,Colorado,San Juan
08,CO,08113,Colorado,San Miguel
08,CO,08115,Colorado,Sedgwick
08,CO,08117,Colorado,Summit
08,CO,08119,Colorado,Teller
08,CO,08121,Colorado,Washington
08,CO,08123,Colorado,Weld
08,CO,08125,Colorado,Yuma
09,CT,09001,Connecticut,Fairfield
09,CT,09003,Connecticut,Hartford
09,CT,09005,Connecticut,Litchfield
09,CT,09007,Connecticut,Middlesex
09,CT,09009,Connecticut,New Haven
09,CT,09011,Connecticut,New London
09,CT,09013,Connecticut,Tolland
09,CT,09015,Connecticut,Windham
10,DE,10001,Delaware,Kent
10,DE,10003,Delaware,New Castle
10,DE,10005,Delaware,Sussex
11,DC,11001,District of Columbia,District of Columbia
12,FL,12001,Florida,Alachua
12,FL,12003,Florida,Baker
12,FL,12005,Florida,Bay
12,FL,12007,Florida,Bradford
12,FL,12009,Florida,Brevard
12,FL,12011,Florida,Broward
12,FL,12013,Florida,Calhoun
12,FL,12015,Florida,Charlotte
12,FL,12017,Florida,Citrus
12,FL,12019,Florida,Clay
12,FL,12021,Florida,Collier
12,FL,12023,Florida,Columbia
12,FL,12027,Florida,DeSoto
12,FL,12029,Florida,Dixie
12,FL,12031,Florida,Duval
12,FL,12033,Florida,Escambia
12,FL,12035,Florida,Flagler
12,FL,12037,Florida,Franklin
12,FL,12039,Florida,Gadsden
12,FL,12041,Florida,Gilchrist
12,FL,12043,Florida,Glades
12,FL,12045,Florida,Gulf
12,FL,12047,Florida,Hamilton
12,FL,12049,Florida,Hardee
12,FL,12051,Florida,Hendry
12,FL,12053,Florida,Hernando
12,FL,12055,Florida,Highlands
12,FL,12057,Florida,Hillsborough
12,FL,12059,Florida,Holmes
12,FL,12061,Florida,Indian River
12,FL,12063,Florida,Jackson
12,FL,12065,Florida,Jefferson
12,FL,12067,Florida,Lafayette
12,FL,12069,Florida,Lake
12,FL,12071,Florida,Lee
12,FL,12073,Florida,Leon
12,FL,12075,Florida,Levy
12,FL,12077,Florida,Liberty
12,FL,12079,Florida,Madison
12,FL,12081,Florida,Manatee
12,FL,12083,Florida,Marion
12,FL,12085,Florida,Martin
12,FL,12086,Florida,Miami-Dade
12,FL,12087,Florida,Monroe
12,FL,12089,Florida,Nassau
12,FL,12091,Florida,Okaloosa
12,FL,12093,Florida,Okeechobee
12,FL,12095,Florida,Orange
12,FL,12097,Florida,Osceola
12,FL,12099,Florida,Palm Beach
12,FL,12101,Florida,Pasco
12,FL,12103,Florida,Pinellas
12,FL,12105,Florida,Polk
12,FL,12107,Florida,Putnam
12,FL,12109,Florida,St. Johns
12,FL,12111,Florida,St. Lucie
12,FL,12113,Florida,Santa Rosa
12,FL,12115,Florida,Sarasota
12,FL,12117,Florida,Seminole
12,FL,12119,Florida,Sumter
12,FL,12121,Florida,Suwannee
12,FL,12123,Florida,Taylor
12,FL,12125,Florida,Union
12,FL,12127,Florida,Volusia
12,FL,12129,Florida,Wakulla
12,FL,12131,Florida,Walton
12,FL,12133,Florida,Washington
13,GA,13001,Georgia,Appling
13,GA,13003,Georgia,Atkinson
13,GA,13005,Georgia,Bacon
13,GA,13007,Georgia,Baker
13,GA,13009,Georgia,Baldwin
13,GA,13011,Georgia,Banks
13,GA,13013,Georgia,Barrow
13,GA,13015,Georgia,Bartow
13,GA,13017,Georgia,Ben Hill
13,GA,13019,Georgia,Berrien
13,GA,13021,Georgia,Bibb
13,GA,13023,Georgia,Bleckley
13,GA,13025,Georgia,Brantley
13,GA,13027,Georgia,Brooks
13,GA,13029,Georgia,Bryan
13,GA,13031,Georgia,Bulloch
13,GA,13033,Georgia,Burke
13,GA,13035,Georgia,Butts
13,GA,13037,Georgia,Calhoun
13,GA,13039,Georgia,Camden
13,GA,13043,Georgia,Candler
13,GA,13045,Georgia,Carroll
13,GA,13047,Georgia,Catoosa
13,GA,13049,Georgia,Charlton
13,GA,13051,Georgia,Chatham
13,GA,13053,Georgia,Chattahoochee
13,GA,13055,Georgia,Chattooga
13,GA,13057,Georgia,Cherokee
13,GA,13059,Georgia,Clarke
13,GA,13061,Georgia,Clay
13,GA,13063,Georgia,Clayton
13,GA,13065,Georgia,Clinch
13,GA,13067,Georgia,Cobb
13,GA,13069,Georgia,Coffee
13,GA,13071,Georgia,Colquitt
13,GA,13073,Georgia,Columbia
13,GA,13075,Georgia,Cook
13,GA,13077,Georgia,Coweta
13,GA,13079,Georgia,Crawford
13,GA,13081,Georgia,Crisp
13,GA,13083,Georgia,Dade
13,GA,13085,Georgia,Dawson
13,GA,13087,Georgia,Decatur
13,GA,13089,Georgia,DeKalb
13,GA,13091,Georgia,Dodge
13,GA,13093,Georgia,Dooly
13,GA,13095,Georgia,Dougherty
13,GA,13097,Georgia,Douglas
13,GA,13099,Georgia,Early
13,GA,13101,Georgia,Echols
13,GA,13103,Georgia,Effingham
13,GA,13105,Georgia,Elbert
13,GA,13107,Georgia,Emanuel
13,GA,13109,Georgia,Evans
13,GA,13111,Georgia,Fannin
13,GA,13113,Georgia,Fayette
13,GA,13115,Georgia,Floyd
13,GA,13117,Georgia,Forsyth
13,GA,13119,Georgia,Franklin
13,GA,13121,Georgia,Fulton
13,GA,13123,Georgia,Gilmer
13,GA,13125,Georgia,Glascock
13,GA,13127,Georgia,Glynn
13,GA,13129,Georgia,Gordon
13,GA,13131,Georgia,Grady
13,GA,13133,Georgia,Greene
13,GA,13135,Georgia,Gwinnett
13,GA,13137,Georgia,Habersham
13,GA,13139,Georgia,Hall
13,GA,13141,Georgia,Hancock
13,GA,13143,Georgia,Haralson
13,GA,13145,Georgia,Harris
13,GA,13147,Georgia,Hart
13,GA,13149,Georgia,Heard
13,GA,13151,Georgia,Henry
13,GA,13153,Georgia,Houston
13,GA,13155,Georgia,Irwin
13,GA,13157,Georgia,Jackson
13,GA,13159,Georgia,Jasper
13,GA,13161,Georgia,Jeff Davis
13,GA,13163,Georgia,Jefferson
13,GA,13165,Georgia,Jenkins
13,GA,13167,Georgia,Johnson
13,GA,13169,Georgia,Jones
13,GA,13171,Georgia,Lamar
13,GA,13173,Georgia,Lanier
13,GA,13175,Georgia,Laurens
13,GA,13177,Georgia,Lee
13,GA,13179,Georgia,Liberty
13,GA,13181,Georgia,Lincoln
13,GA,13183,Georgia,Long
13,GA,13185,Georgia,Lowndes
13,GA,13187,Georgia,Lumpkin
13,GA,13189,Georgia,McDuffie
13,GA,13191,Georgia,McIntosh
13,GA,13193,Georgia,Macon
13,GA,13195,Georgia,Madison
13,GA,13197,Georgia,Marion
13,GA,13199,Georgia,Meriwether
13,GA,13201,Georgia,Miller
13,GA,13205,Georgia,Mitchell
13,GA,13207,Georgia,Monroe
13,GA,13209,Georgia,Montgomery
13,GA,13211,Georgia,Morgan
13,GA,13213,Georgia,Murray
13,GA,13215,Georgia,Muscogee
13,GA,13217,Georgia,Newton
13,GA,13219,Georgia,Oconee
13,GA,13221,Georgia,Oglethorpe
13,GA,13223,Georgia,Paulding
13,GA,13225,Georgia,Peach
13,GA,13227,Georgia,Pickens
13,GA,13229,Georgia,Pierce
13,GA,13231,Georgia,Pike
13,GA,13233,Georgia,Polk
13,GA,13235,Georgia,Pulaski
13,GA,13237,Georgia,Putnam
13,GA,13239,Georgia,Quitman
13,GA,13241,Georgia,Rabun
13,GA,13243,Georgia,Randolph
13,GA,13245,Georgia,Richmond
13,GA,13247,Georgia,Rockdale
13,GA,13249,Georgia,Schley
13,GA,13251,Georgia,Screven
13,GA,13253,Georgia,Seminole
13,GA,13255,Georgia,Spalding
13,GA,13257,Georgia,Stephens
13,GA,13259,Georgia,Stewart
13,GA,13261,Georgia,Sumter
13,GA,13263,Georgia,Talbot
13,GA,13265,Georgia,Taliaferro
13,GA,13267,Georgia,Tattnall
13,GA,13269,Georgia,Taylor
13,GA,13271,Georgia,Telfair
13,GA,13273,Georgia,Terrell
13,GA,13275,Georgia,Thomas
13,GA,13277,Georgia,Tift
13,GA,13279,Georgia,Toombs
13,GA,13281,Georgia,Towns
13,GA,13283,Georgia,Treutlen
13,GA,13285,Georgia,Troup
13,GA,13287,Georgia,Turner
13,GA,13289,Georgia,Twiggs
13,GA,13291,Georgia,Union
13,GA,13293,Georgia,Upson
13,GA,13295,Georgia,Walker
13,GA,13297,Georgia,Walton
13,GA,13299,Georgia,Ware
13,GA,13301,Georgia,Warren
13,GA,13303,Georgia,Washington
13,GA,13305,Georgia,Wayne
13,GA,13307,Georgia,Webster
13,GA,13309,Georgia,Wheeler
13,GA,13311,Georgia,White
13,GA,13313,Georgia,Whitfield
13,GA,13315,Georgia,Wilcox
13,GA,13317,Georgia,Wilkes
13,GA,13319,Georgia,Wilkinson
13,GA,13321,Georgia,Worth
15,HI,15001,Hawaii,Hawaii
15,HI,15003,Hawaii,Honolulu
15,HI,15005,Hawaii,Kalawao
15,HI,15007,Hawaii,Kauai
15,HI,15009,Hawaii,Maui
16,ID,16001,Idaho,Ada
16,ID,16003,Idaho,Adams
16,ID,16005,Idaho,Bannock
16,ID,16007,Idaho,Bear Lake
16,ID,16009,Idaho,Benewah
16,ID,16011,Idaho,Bingham
16,ID,16013,Idaho,Blaine
16,ID,16015,Idaho,Boise
16,ID,16017,Idaho,Bonner
16,ID,16019,Idaho,Bonneville
16,ID,16021,Idaho,Boundary
16,ID,16023,Idaho,Butte
16,ID,16025,Idaho,Camas
16,ID,16027,Idaho,Canyon
16,ID,16029,Idaho,Caribou
16,ID,16031,Idaho,Cassia
16,ID,16033,Idaho,Clark
16,ID,16035,Idaho,Clearwater
16,ID,16037,Idaho,Custer
16,ID,16039,Idaho,Elmore
16,ID,16041,Idaho,Franklin
16,ID,16043,Idaho,Fremont
16,ID,16045,Idaho,Gem
16,ID,16047,Idaho,Gooding
16,ID,16049,Idaho,Idaho
16,ID,16051,Idaho,Jefferson
16,ID,16053,Idaho,Jerome
16,ID,16055,Idaho,Kootenai
16,ID,16057,Idaho,Latah
16,ID,16059,Idaho,Lemhi
16,ID,16061,Idaho,Lewis
16,ID,16063,Idaho,Lincoln
16,ID,16065,Idaho,Madison
16,ID,16067,Idaho,Minidoka
16,ID,16069,Idaho,Nez Perce
16,ID,16071,Idaho,Oneida
16,ID,16073,Idaho,Owyhee
16,ID,16075,Idaho,Payette
16,ID,16077,Idaho,Power
16,ID,16079,Idaho,Shoshone
16,ID,16081,Idaho,Teton
16,ID,16083,Idaho,Twin Falls
16,ID,16085,Idaho,Valley
16,ID,16087,Idaho,Washington
17,IL,17001,Illinois,Adams
17,IL,17003,Illinois,Alexander
17,IL,17005,Illinois,Bond
17,IL,17007,Illinois,Boone
17,IL,17009,Illinois,Brown
17,IL,17011,Illinois,Bureau
17,IL,17013,Illinois,Calhoun
17,IL,17015,Illinois,Carroll
17,IL,17017,Illinois,Cass
17,IL,17019,Illinois,Champaign
17,IL,17021,Illinois,Christian
17,IL,17023,Illinois,Clark
17,IL,17025,Illinois,Clay
17,IL,17027,Illinois,Clinton
17,IL,17029,Illinois,Coles
17,IL,17031,Illinois,Cook
17,IL,17033,Illinois,Crawford
17,IL,17035,Illinois,Cumberland
17,IL,17037,Illinois,DeKalb
17,IL,17039,Illinois,De Witt
17,IL,17041,Illinois,Douglas
17,IL,17043,Illinois,DuPage
17,IL,17045,Illinois,Edgar
17,IL,17047,Illinois,Edwards
17,IL,17049,Illinois,Effingham
17,IL,17051,Illinois,Fayette
17,IL,17053,Illinois,Ford
17,IL,17055,Illinois,Franklin
17,IL,17057,Illinois,Fulton
17,IL,17059,Illinois,Gallatin
17,IL,17061,Illinois,Greene
17,IL,17063,Illinois,Grundy
17,IL,17065,Illinois,Hamilton
17,IL,17067,Illinois,Hancock
17,IL,17069,Illinois,Hardin
17,IL,17071,Illinois,Henderson
17,IL,17073,Illinois,Henry
17,IL,17075,Illinois,Iroquois
17,IL,17077,Illinois,Jackson
17,IL,17079,Illinois,Jasper
17,IL,17081,Illinois,Jefferson
17,IL,17083,Illinois,Jersey
17,IL,17085,Illinois,Jo Daviess
17,IL,17087,Illinois,Johnson
17,IL,17089,Illinois,Kane
17,IL,17091,Illinois,Kankakee
17,IL,17093,Illinois,Kendall
17,IL,17095,Illinois,Knox
17,IL,17097,Illinois,Lake
17,IL,17099,Illinois,LaSalle
17,IL,17101,Illinois,Lawrence
17,IL,17103,Illinois,Lee
17,IL,17105,Illinois,Livingston
17,IL,17107,Illinois,Logan
17,IL,17109,Illinois,McDonough
17,IL,17111,Illinois,McHenry
17,IL,17113,Illinois,McLean
17,IL,17115,Illinois,Macon
17,IL,17117,Illinois,Macoupin
17,IL,17119,Illinois,Madison
17,IL,17121,Illinois,Marion
17,IL,17123,Illinois,Marshall
17,IL,17125,Illinois,Mason
17,IL,17127,Illinois,Massac
17,IL,17129,Illinois,Menard
17,IL,17131,Illinois,Mercer
17,IL,17133,Illinois,Monroe
17,IL,17135,Illinois,Montgomery
17,IL,17137,Illinois,Morgan
17,IL,17139,Illinois,Moultrie
17,IL,17141,Illinois,Ogle
17,IL,17143,Illinois,Peoria
17,IL,17145,Illinois,Perry
17,IL,17147,Illinois,Piatt
17,IL,17149,Illinois,Pike
17,IL,17151,Illinois,Pope
17,IL,17153,Illinois,Pulaski
17,IL,17155,Illinois,Putnam
17,IL,17157,Illinois,Randolph
17,IL,17159,Illinois,Richland
17,IL,17161,Illinois,Rock Island
17,IL,17163,Illinois,St. Clair
17,IL,17165,Illinois,Saline
17,IL,17167,Illinois,Sangamon
17,IL,17169,Illinois,Schuyler
17,IL,17171,Illinois,Scott
17,IL,17173,Illinois,Shelby
17,IL,17175,Illinois,Stark
17,IL,17177,Illinois,Stephenson
17,IL,17179,Illinois,Tazewell
17,IL,17181,Illinois,Union
17,IL,17183,Illinois,Vermilion
17,IL,17185,Illinois,Wabash
17,IL,17187,Illinois,Warren
17,IL,17189,Illinois,Washington
17,IL,17191,Illinois,Wayne
17,IL,17193,Illinois,White
17,IL,17195,Illinois,Whiteside
17,IL,17197,Illinois,Will
17,IL,17199,Illinois,Williamson
17,IL,17201,Illinois,Winnebago
17,IL,17203,Illinois,Woodford
18,IN,18001,Indiana,Adams
18,IN,18003,Indiana,Allen
18,IN,18005,Indiana,Bartholomew
18,IN,18007,Indiana,Benton
18,IN,18009,Indiana,Blackford
18,IN,18011,Indiana,Boone
18,IN,18013,Indiana,Brown
18,IN,18015,Indiana,Carroll
18,IN,18017,Indiana,Cass
18,IN,18019,Indiana,Clark
18,IN,18021,Indiana,Clay
18,IN,18023,Indiana,Clinton
18,IN,18025,Indiana,Crawford
18,IN,18027,Indiana,Daviess
18,IN,18029,Indiana,Dearborn
18,IN,18031,Indiana,Decatur
18,IN,18033,Indiana,DeKalb
18,IN,18035,Indiana,Delaware
18,IN,18037,Indiana,Dubois
18,IN,18039,Indiana,Elkhart
18,IN,18041,Indiana,Fayette
18,IN,18043,Indiana,Floyd
18,IN,18045,Indiana,Fountain
18,IN,18047,Indiana,Franklin
18,IN,18049,Indiana,Fulton
18,IN,18051,Indiana,Gibson
18,IN,18053,Indiana,Grant
18,IN,18055,Indiana,Greene
18,IN,18057,Indiana,Hamilton
18,IN,18059,Indiana,Hancock
18,IN,18061,Indiana,Harrison
18,IN,18063,Indiana,Hendricks
18,IN,18065,Indiana,Henry
18,IN,18067,Indiana,Howard
18,IN,18069,Indiana,Huntington
18,IN,18071,Indiana,Jackson
18,IN,18073,Indiana,Jasper
18,IN,18075,Indiana,Jay
18,IN,18077,Indiana,Jefferson
18,IN,18079,Indiana,Jennings
18,IN,18081,Indiana,Johnson
18,IN,18083,Indiana,Knox
18,IN,18085,Indiana,Kosciusko
18,IN,18087,Indiana,LaGrange
18,IN,18089,Indiana,Lake
18,IN,18091,Indiana,LaPorte
18,IN,18093,Indiana,Lawrence
18,IN,18095,Indiana,Madison
18,IN,18097,Indiana,Marion
18,IN,18099,Indiana,Marshall
18,IN,18101,Indiana,Martin
18,IN,18103,Indiana,Miami
18,IN,18105,Indiana,Monroe
18,IN,18107,Indiana,Montgomery
18,IN,18109,Indiana,Morgan
18,IN,18111,Indiana,Newton
18,IN,18113,Indiana,Noble
18,IN,18115,Indiana,Ohio
18,IN,18117,Indiana,Orange
18,IN,18119,Indiana,Owen
18,IN,18121,Indiana,Parke
18,IN,18123,Indiana,Perry
18,IN,18125,Indiana,Pike
18,IN,18127,Indiana,Porter
18,IN,18129,Indiana,Posey
18,IN,18131,Indiana,Pulaski
18,IN,18133,Indiana,Putnam
18,IN,18135,Indiana,Randolph
18,IN,18137,Indiana,Ripley
18,IN,18139,Indiana,Rush
18,IN,18141,Indiana,St. Joseph
18,IN,18143,Indiana,Scott
18,IN,18145,Indiana,Shelby
18,IN,18147,Indiana,Spencer
18,IN,18149,Indiana,Starke
18,IN,18151,Indiana,Steuben
18,IN,18153,Indiana,Sullivan
18,IN,18155,Indiana,Switzerland
18,IN,18157,Indiana,Tippecanoe
18,IN,18159,Indiana,Tipton
18,IN,18161,Indiana,Union
18,IN,18163,Indiana,Vanderburgh
18,IN,18165,Indiana,Vermillion
18,IN,18167,Indiana,Vigo
18,IN,18169,Indiana,Wabash
18,IN,18171,Indiana,Warren
18,IN,18173,Indiana,Warrick
18,IN,18175,Indiana,Washington
18,IN,18177,Indiana,Wayne
18,IN,18179,Indiana,Wells
18,IN,18181,Indiana,White
18,IN,18183,Indiana,Whitley
19,IA,19001,Iowa,Adair
19,IA,19003,Iowa,Adams
19,IA,19005,Iowa,Allamakee
19,IA,19007,Iowa,Appanoose
19,IA,19009,Iowa,Audubon
19,IA,19011,Iowa,Benton
19,IA,19013,Iowa,Black Hawk
19,IA,19015,Iowa,Boone
19,IA,19017,Iowa,Bremer
19,IA,19019,Iowa,Buchanan
19,IA,19021,Iowa,Buena Vista
19,IA,19023,Iowa,Butler
19,IA,19025,Iowa,Calhoun
19,IA,19027,Iowa,Carroll
19,IA,19029,Iowa,Cass
19,IA,19031,Iowa,Cedar
19,IA,19033,Iowa,Cerro Gordo
19,IA,19035,Iowa,Cherokee
19,IA,19037,Iowa,Chickasaw
19,IA,19039,Iowa,Clarke
19,IA,19041,Iowa,Clay
19,IA,19043,Iowa,Clayton
19,IA,19045,Iowa,Clinton
19,IA,19047,Iowa,Crawford
19,IA,19049,Iowa,Dallas
19,IA,19051,Iowa,Davis
19,IA,19053,Iowa,Decatur
19,IA,19055,Iowa,Delaware
19,IA,19057,Iowa,Des Moines
19,IA,19059,Iowa,Dickinson
19,IA,19061,Iowa,Dubuque
19,IA,19063,Iowa,Emmet
19,IA,19065,Iowa,Fayette
19,IA,19067,Iowa,Floyd
19,IA,19069,Iowa,Franklin
19,IA,19071,Iowa,Fremont
19,IA,19073,Iowa,Greene
19,IA,19075,Iowa,Grundy
19,IA,19077,Iowa,Guthrie
19,IA,19079,Iowa,Hamilton
19,IA,19081,Iowa,Hancock
19,IA,19083,Iowa,Hardin
19,IA,19085,Iowa,Harrison
19,IA,19087,Iowa,Henry
19,IA,19089,Iowa,Howard
19,IA,19091,Iowa,Humboldt
19,IA,19093,Iowa,Ida
19,IA,19095,Iowa,Iowa
19,IA,19097,Iowa,Jackson
19,IA,19099,Iowa,Jasper
19,IA,19101,Iowa,Jefferson
19,IA,19103,Iowa,Johnson
19,IA,19105,Iowa,Jones
19,IA,19107,Iowa,Keokuk
19,IA,19109,Iowa,Kossuth
19,IA,19111,Iowa,Lee
19,IA,19113,Iowa,Linn
19,IA,19115,Iowa,Louisa
19,IA,19117,Iowa,Lucas
19,IA,19119,Iowa,Lyon
19,IA,19121,Iowa,Madison
19,IA,19123,Iowa,Mahaska
19,IA,19125,Iowa,Marion
19,IA,19127,Iowa,Marshall
19,IA,19129,Iowa,Mills
19,IA,19131,Iowa,Mitchell
19,IA,19133,Iowa,Monona
19,IA,19135,Iowa,Monroe
19,IA,19137,Iowa,Montgomery
19,IA,19139,Iowa,Muscatine
19,IA,19141,Iowa,O'Brien
19,IA,19143,Iowa,Osceola
19,IA,19145,Iowa,Page
19,IA,19147,Iowa,Palo Alto
19,IA,19149,Iowa,Plymouth
19,IA,19151,Iowa,Pocahontas
19,IA,19153,Iowa,Polk
19,IA,19155,Iowa,Pottawattamie
19,IA,19157,Iowa,Poweshiek
19,IA,19159,Iowa,Ringgold
19,IA,19161,Iowa,Sac
19,IA,19163,Iowa,Scott
19,IA,19165,Iowa,Shelby
19,IA,19167,Iowa,Sioux
19,IA,19169,Iowa,Story
19,IA,19171,Iowa,Tama
19,IA,19173,Iowa,Taylor
19,IA,19175,Iowa,Union
19,IA,19177,Iowa,Van Buren
19,IA,19179,Iowa,Wapello
19,IA,19181,Iowa,Warren
19,IA,19183,Iowa,Washington
19,IA,19185,Iowa,Wayne
19,IA,19187,Iowa,Webster
19,IA,19189,Iowa,Winnebago
19,IA,19191,Iowa,Winneshiek
19,IA,19193,Iowa,Woodbury
19,IA,19195,Iowa,Worth
19,IA,19197,Iowa,Wright
20,KS,20001,Kansas,Allen
20,KS,20003,Kansas,Anderson
20,KS,20005,Kansas,Atchison
20,KS,20007,Kansas,Barber
20,KS,20009,Kansas,Barton
20,KS,20011,Kansas,Bourbon
20,KS,20013,Kansas,Brown
20,KS,20015,Kansas,Butler
20,KS,20017,Kansas,Chase
20,KS,20019,Kansas,Chautauqua
20,KS,20021,Kansas,Cherokee
20,KS,20023,Kansas,Cheyenne
20,KS,20025,Kansas,Clark
20,KS,20027,Kansas,Clay
20,KS,20029,Kansas,Cloud
20,KS,20031,Kansas,Coffey
20,KS,20033,Kansas,Comanche
20,KS,20035,Kansas,Cowley
20,KS,20037,Kansas,Crawford
20,KS,20039,Kansas,Decatur
20,KS,20041,Kansas,Dickinson
20,KS,20043,Kansas,Doniphan
20,KS,20045,Kansas,Douglas
20,KS,20047,Kansas,Edwards
20,KS,20049,Kansas,Elk
20,KS,20051,Kansas,Ellis
20,KS,20053,Kansas,Ellsworth
20,KS,20055,Kansas,Finney
20,KS,20057,Kansas,Ford
20,KS,20059,Kansas,Franklin
20,KS,20061,Kansas,Geary
20,KS,20063,Kansas,Gove
20,KS,20065,Kansas,Graham
20,KS,20067,Kansas,Grant
20,KS,20069,Kansas,Gray
20,KS,20071,Kansas,Greeley
20,KS,20073,Kansas,Greenwood
20,KS,20075,Kansas,Hamilton
20,KS,20077,Kansas,Harper
20,KS,20079,Kansas,Harvey
20,KS,20081,Kansas,Haskell
20,KS,20083,Kansas,Hodgeman
20,KS,20085,Kansas,Jackson
20,KS,20087,Kansas,Jefferson
20,KS,20089,Kansas,Jewell
20,KS,20091,Kansas,Johnson
20,KS,20093,Kansas,Kearny
20,KS,20095,Kansas,Kingman
20,KS,20097,Kansas,Kiowa
20,KS,20099,Kansas,Labette
20,KS,20101,Kansas,Lane
20,KS,20103,Kansas,Leavenworth
20,KS,20105,Kansas,Lincoln
20,KS,20107,Kansas,Linn
20,KS,20109,Kansas,Logan
20,KS,20111,Kansas,Lyon
20,KS,20113,Kansas,McPherson
20,KS,20115,Kansas,Marion
20,KS,20117,Kansas,Marshall
20,KS,20119,Kansas,Meade
20,KS,20121,Kansas,Miami
20,KS,20123,Kansas,Mitchell
20,KS,20125,Kansas,Montgomery
20,KS,20127,Kansas,Morris
20,KS,20129,Kansas,Morton
20,KS,20131,Kansas,Nemaha
20,KS,20133,Kansas,Neosho
20,KS,20135,Kansas,Ness
20,KS,20137,Kansas,Norton
20,KS,20139,Kansas,Osage
20,KS,20141,Kansas,Osborne
20,KS,20143,Kansas,Ottawa
20,KS,20145,Kansas,Pawnee
20,KS,20147,Kansas,Phillips
20,KS,20149,Kansas,Pottawatomie
20,KS,20151,Kansas,Pratt
20,KS,20153,Kansas,Rawlins
20,KS,20155,Kansas,Reno
20,KS,20157,Kansas,Republic
20,KS,20159,Kansas,Rice
20,KS,20161,Kansas,Riley
20,KS,20163,Kansas,Rooks
20,KS,20165,Kansas,Rush
20,KS,20167,Kansas,Russell
20,KS,20169,Kansas,Saline
20,KS,20171,Kansas,Scott
20,KS,20173,Kansas,Sedgwick
20,KS,20175,Kansas,Seward
20,KS,20177,Kansas,Shawnee
20,KS,20179,Kansas,Sheridan
20,KS,20181,Kansas,Sherman
20,KS,20183,Kansas,Smith
20,KS,20185,Kansas,Stafford
20,KS,20187,Kansas,Stanton
20,KS,20189,Kansas,Stevens
20,KS,20191,Kansas,Sumner
20,KS,20193,Kansas,Thomas
20,KS,20195,Kansas,Trego
20,KS,20197,Kansas,Wabaunsee
20,KS,20199,Kansas,Wallace
20,KS,20201,Kansas,Washington
20,KS,20203,Kansas,Wichita
20,KS,20205,Kansas,Wilson
20,KS,20207,Kansas,Woodson
20,KS,20209,Kansas,Wyandotte
21,KY,21001,Kentucky,Adair
21,KY,21003,Kentucky,Allen
21,KY,21005,Kentucky,Anderson
21,KY,21007,Kentucky,Ballard
21,KY,21009,Kentucky,Barren
21,KY,21011,Kentucky,Bath
21,KY,21013,Kentucky,Bell
21,KY,21015,Kentucky,Boone
21,KY,21017,Kentucky,Bourbon
21,KY,21019,Kentucky,Boyd
21,KY,21021,Kentucky,Boyle
21,KY,21023,Kentucky,Bracken
21,KY,21025,Kentucky,Breathitt
21,KY,21027,Kentucky,Breckinridge
21,KY,21029,Kentucky,Bullitt
21,KY,21031,Kentucky,Butler
21,KY,21033,Kentucky,Caldwell
21,KY,21035,Kentucky,Calloway
21,KY,21037,Kentucky,Campbell
21,KY,21039,Kentucky,Carlisle
21,KY,21041,Kentucky,Carroll
21,KY,21043,Kentucky,Carter
21,KY,21045,Kentucky,Casey
21,KY,21047,Kentucky,Christian
21,KY,21049,Kentucky,Clark
21,KY,21051,Kentucky,Clay
21,KY,21053,Kentucky,Clinton
21,KY,21055,Kentucky,Crittenden
21,KY,21057,Kentucky,Cumberland
21,KY,21059,Kentucky,Daviess
21,KY,21061,Kentucky,Edmonson
21,KY,21063,Kentucky,Elliott
21,KY,21065,Kentucky,Estill
21,KY,21067,Kentucky,Fayette
21,KY,21069,Kentucky,Fleming
21,KY,21071,Kentucky,Floyd
21,KY,21073,Kentucky,Franklin
21,KY,21075,Kentucky,Fulton
21,KY,21077,Kentucky,Gallatin
21,KY,21079,Kentucky,Garrard
21,KY,21081,Kentucky,Grant
21,KY,21083,Kentucky,Graves
21,KY,21085,Kentucky,Grayson
21,KY,21087,Kentucky,Green
21,KY,21089,Kentucky,Greenup
21,KY,21091,Kentucky,Hancock
21,KY,21093,Kentucky,Hardin
21,KY,21095,Kentucky,Harlan
21,KY,21097,Kentucky,Harrison
21,KY,21099,Kentucky,Hart
21,KY,21101,Kentucky,Henderson
21,KY,21103,Kentucky,Henry
21,KY,21105,Kentucky,Hickman
21,KY,21107,Kentucky,Hopkins
21,KY,21109,Kentucky,Jackson
21,KY,21111,Kentucky,Jefferson
21,KY,21113,Kentucky,Jessamine
21,KY,21115,Kentucky,Johnson
21,KY,21117,Kentucky,Kenton
21,KY,21119,Kentucky,Knott
21,KY,21121,Kentucky,Knox
21,KY,21123,Kentucky,Larue
21,KY,21125,Kentucky,Laurel
21,KY,21127,Kentucky,Lawrence
21,KY,21129,Kentucky,Lee
21,KY,21131,Kentucky,Leslie
21,KY,21133,Kentucky,Letcher
21,KY,21135,Kentucky,Lewis
21,KY,21137,Kentucky,Lincoln
21,KY,21139,Kentucky,Livingston
21,KY,21141,Kentucky,Logan
21,KY,21143,Kentucky,Lyon
21,KY,21145,Kentucky,McCracken
21,KY,21147,Kentucky,McCreary
21,KY,21149,Kentucky,McLean
21,KY,21151,Kentucky,Madison
21,KY,21153,Kentucky,Magoffin
21,KY,21155,Kentucky,Marion
21,KY,21157,Kentucky,Marshall
21,KY,21159,Kentucky,Martin
21,KY,21161,Kentucky,Mason
21,KY,21163,Kentucky,Meade
21,KY,21165,Kentucky,Menifee
21,KY,21167,Kentucky,Mercer
21,KY,21169,Kentucky,Metcalfe
21,KY,21171,Kentucky,Monroe
21,KY,21173,Kentucky,Montgomery
21,KY,21175,Kentucky,Morgan
21,KY,21177,Kentucky,Muhlenberg
21,KY,21179,Kentucky,Nelson
21,KY,21181,Kentucky,Nicholas
21,KY,21183,Kentucky,Ohio
21,KY,21185,Kentucky,Oldham
21,KY,21187,Kentucky,Owen
21,KY,21189,Kentucky,Owsley
21,KY,21191,Kentucky,Pendleton
21,KY,21193,Kentucky,Perry
21,KY,21195,Kentucky,Pike
21,KY,21197,Kentucky,Powell
21,KY,21199,Kentucky,Pulaski
21,KY,21201,Kentucky,Robertson
21,KY,21203,Kentucky,Rockcastle
21,KY,21205,Kentucky,Rowan
21,KY,21207,Kentucky,Russell
21,KY,21209,Kentucky,Scott
21,KY,21211,Kentucky,Shelby
21,KY,21213,Kentucky,Simpson
21,KY,21215,Kentucky,Spencer
21,KY,21217,Kentucky,Taylor
21,KY,21219,Kentucky,Todd
21,KY,21221,Kentucky,Trigg
21,KY,21223,Kentucky,Trimble
21,KY,21225,Kentucky,Union
21,KY,21227,Kentucky,Warren
21,KY,21229,Kentucky,Washington
21,KY,21231,Kentucky,Wayne
21,KY,21233,Kentucky,Webster
21,KY,21235,Kentucky,Whitley
21,KY,21237,Kentucky,Wolfe
21,KY,21239,Kentucky,Woodford
22,LA,22001,Louisiana,Acadia
22,LA,22003,Louisiana,Allen
22,LA,22005,Louisiana,Ascension
22,LA,22007,Louisiana,Assumption
22,LA,22009,Louisiana,Avoyelles
22,LA,22011,Louisiana,Beauregard
22,LA,22013,Louisiana,Bienville
22,LA,22015,Louisiana,Bossier
22,LA,22017,Louisiana,Caddo
22,LA,22019,Louisiana,Calcasieu
22,LA,22021,Louisiana,Caldwell
22,LA,22023,Louisiana,Cameron
22,LA,22025,Louisiana,Catahoula
22,LA,22027,Louisiana,Claiborne
22,LA,22029,Louisiana,Concordia
22,LA,22031,Louisiana,De Soto
22,LA,22033,Louisiana,East Baton Rouge
22,LA,22035,Louisiana,East Carroll
22,LA,22037,Louisiana,East Feliciana
22,LA,22039,Louisiana,Evangeline
22,LA,22041,Louisiana,Franklin
22,LA,22043,Louisiana,Grant
22,LA,22045,Louisiana,Iberia
22,LA,22047,Louisiana,Iberville
22,LA,22049,Louisiana,Jackson
22,LA,22051,Louisiana,Jefferson
22,LA,22053,Louisiana,Jefferson Davis
22,LA,22055,Louisiana,Lafayette
22,LA,22057,Louisiana,Lafourche
22,LA,22059,Louisiana,LaSalle
22,LA,22061,Louisiana,Lincoln
22,LA,22063,Louisiana,Livingston
22,LA,22065,Louisiana,Madison
22,LA,22067,Louisiana,Morehouse
22,LA,22069,Louisiana,Natchitoches
22,LA,22071,Louisiana,Orleans
22,LA,22073,Louisiana,Ouachita
22,LA,22075,Louisiana,Plaquemines
22,LA,22077,Louisiana,Pointe Coupee
22,LA,22079,Louisiana,Rapides
22,LA,22081,Louisiana,Red River
22,LA,22083,Louisiana,Richland
22,LA,22085,Louisiana,Sabine
22,LA,22087,Louisiana,St. Bernard
22,LA,22089,Louisiana,St. Charles
22,LA,22091,Louisiana,St. Helena
22,LA,22093,Louisiana,St. James
22,LA,22095,Louisiana,St. John the Baptist
22,LA,22097,Louisiana,St. Landry
22,LA,22099,Louisiana,St. Martin
22,LA,22101,Louisiana,St. Mary
22,LA,22103,Louisiana,St. Tammany
22,LA,22105,Louisiana,Tangipahoa
22,LA,22107,Louisiana,Tensas
22,LA,22109,Louisiana,Terrebonne
22,LA,22111,Louisiana,Union
22,LA,22113,Louisiana,Vermilion
22,LA,22115,Louisiana,Vernon
22,LA,22117,Louisiana,Washington
22,LA,22119,Louisiana,Webster
22,LA,22121,Louisiana,West Baton Rouge
22,LA,22123,Louisiana,West Carroll
22,LA,22125,Louisiana,West Feliciana
22,LA,22127,Louisiana,Winn
23,ME,23001,Maine,Androscoggin
23,ME,23003,Maine,Aroostook
23,ME,23005,Maine,Cumberland
23,ME,23007,Maine,Franklin
23,ME,23009,Maine,Hancock
23,ME,23011,Maine,Kennebec
23,ME,23013,Maine,Knox
23,ME,23015,Maine,Lincoln
23,ME,23017,Maine,Oxford
23,ME,23019,Maine,Penobscot
23,ME,23021,Maine,Piscataquis
23,ME,23023,Maine,Sagadahoc
23,ME,23025,Maine,Somerset
23,ME,23027,Maine,Waldo
23,ME,23029,Maine,Washington
23,ME,23031,Maine,York
24,MD,24001,Maryland,Allegany
24,MD,24003,Maryland,Anne Arundel
24,MD,24005,Maryland,Baltimore
24,MD,24009,Maryland,Calvert
24,MD,24011,Maryland,Caroline
24,MD,24013,Maryland,Carroll
24,MD,24015,Maryland,Cecil
24,MD,24017,Maryland,Charles
24,MD,24019,Maryland,Dorchester
24,MD,24021,Maryland,Frederick
24,MD,24023,Maryland,Garrett
24,MD,24025,Maryland,Harford
24,MD,24027,Maryland,Howard
24,MD,24029,Maryland,Kent
24,MD,24031,Maryland,Montgomery
24,MD,24033,Maryland,Prince George's
24,MD,24035,Maryland,Queen Anne's
24,MD,24037,Maryland,St. Mary's
24,MD,24039,Maryland,Somerset
24,MD,24041,Maryland,Talbot
24,MD,24043,Maryland,Washington
24,MD,24045,Maryland,Wicomico
24,MD,24047,Maryland,Worcester
24,MD,24510,Maryland,Baltimore
25,MA,25001,Massachusetts,Barnstable
25,MA,25003,Massachusetts,Berkshire
25,MA,25005,Massachusetts,Bristol
25,MA,25007,Massachusetts,Dukes
25,MA,25009,Massachusetts,Essex
25,MA,25011,Massachusetts,Franklin
25,MA,25013,Massachusetts,Hampden
25,MA,25015,Massachusetts,Hampshire
25,MA,25017,Massachusetts,Middlesex
25,MA,25019,Massachusetts,Nantucket
25,MA,25021,Massachusetts,Norfolk
25,MA,25023,Massachusetts,Plymouth
25,MA,25025,Massachusetts,Suffolk
25,MA,25027,Massachusetts,Worcester
26,MI,26001,Michigan,Alcona
26,MI,26003,Michigan,Alger
26,MI,26005,Michigan,Allegan
26,MI,26007,Michigan,Alpena
26,MI,26009,Michigan,Antrim
26,MI,26011,Michigan,Arenac
26,MI,26013,Michigan,Baraga
26,MI,26015,Michigan,Barry
26,MI,26017,Michigan,Bay
26,MI,26019,Michigan,Benzie
26,MI,26021,Michigan,Berrien
26,MI,26023,Michigan,Branch
26,MI,26025,Michigan,Calhoun
26,MI,26027,Michigan,Cass
26,MI,26029,Michigan,Charlevoix
26,MI,26031,Michigan,Cheboygan
26,MI,26033,Michigan,Chippewa
26,MI,26035,Michigan,Clare
26,MI,26037,Michigan,Clinton
26,MI,26039,Michigan,Crawford
26,MI,26041,Michigan,Delta
26,MI,26043,Michigan,Dickinson
26,MI,26045,Michigan,Eaton
26,MI,26047,Michigan,Emmet
26,MI,26049,Michigan,Genesee
26,MI,26051,Michigan,Gladwin
26,MI,26053,Michigan,Gogebic
26,MI,26055,Michigan,Grand Traverse
26,MI,26057,Michigan,Gratiot
26,MI,26059,Michigan,Hillsdale
26,MI,26061,Michigan,Houghton
26,MI,26063,Michigan,Huron
26,MI,26065,Michigan,Ingham
26,MI,26067,Michigan,Ionia
26,MI,26069,Michigan,Iosco
26,MI,26071,Michigan,Iron
26,MI,26073,Michigan,Isabella
26,MI,26075,Michigan,Jackson
26,MI,26077,Michigan,Kalamazoo
26,MI,26079,Michigan,Kalkaska
26,MI,26081,Michigan,Kent
26,MI,26083,Michigan,Keweenaw
26,MI,26085,Michigan,Lake
26,MI,26087,Michigan,Lapeer
26,MI,26089,Michigan,Leelanau
26,MI,26091,Michigan,Lenawee
26,MI,26093,Michigan,Livingston
26,MI,26095,Michigan,Luce
26,MI,26097,Michigan,Mackinac
26,MI,26099,Michigan,Macomb
26,MI,26101,Michigan,Manistee
26,MI,26103,Michigan,Marquette
26,MI,26105,Michigan,Mason
26,MI,26107,Michigan,Mecosta
26,MI,26109,Michigan,Menominee
26,MI,26111,Michigan,Midland
26,MI,26113,Michigan,Missaukee
26,MI,26115,Michigan,Monroe
26,MI,26117,Michigan,Montcalm
26,MI,26119,Michigan,Montmorency
26,MI,26121,Michigan,Muskegon
26,MI,26123,Michigan,Newaygo
26,MI,26125,Michigan,Oakland
26,MI,26127,Michigan,Oceana
26,MI,26129,Michigan,Ogemaw
26,MI,26131,Michigan,Ontonagon
26,MI,26133,Michigan,Osceola
26,MI,26135,Michigan,Oscoda
26,MI,26137,Michigan,Otsego
26,MI,26139,Michigan,Ottawa
26,MI,26141,Michigan,Presque Isle
26,MI,26143,Michigan,Roscommon
26,MI,26145,Michigan,Saginaw
26,MI,26147,Michigan,St. Clair
26,MI,26149,Michigan,St. Joseph
26,MI,26151,Michigan,Sanilac
26,MI,26153,Michigan,Schoolcraft
26,MI,26155,Michigan,Shiawassee
26,MI,26157,Michigan,Tuscola
26,MI,26159,Michigan,Van Buren
26,MI,26161,Michigan,Washtenaw
26,MI,26163,Michigan,Wayne
26,MI,26165,Michigan,Wexford
27,MN,27001,Minnesota,Aitkin
27,MN,27003,Minnesota,Anoka
27,MN,27005,Minnesota,Becker
27,MN,27007,Minnesota,Beltrami
27,MN,27009,Minnesota,Benton
27,MN,27011,Minnesota,Big Stone
27,MN,27013,Minnesota,Blue Earth
27,MN,27015,Minnesota,Brown
27,MN,27017,Minnesota,Carlton
27,MN,27019,Minnesota,Carver
27,MN,27021,Minnesota,Cass
27,MN,27023,Minnesota,Chippewa
27,MN,27025,Minnesota,Chisago
27,MN,27027,Minnesota,Clay
27,MN,27029,Minnesota,Clearwater
27,MN,27031,Minnesota,Cook
27,MN,27033,Minnesota,Cottonwood
27,MN,27035,Minnesota,Crow Wing
27,MN,27037,Minnesota,Dakota
27,MN,27039,Minnesota,Dodge
27,MN,27041,Minnesota,Douglas
27,MN,27043,Minnesota,Faribault
27,MN,27045,Minnesota,Fillmore
27,MN,27047,Minnesota,Freeborn
27,MN,27049,Minnesota,Goodhue
27,MN,27051,Minnesota,Grant
27,MN,27053,Minnesota,Hennepin
27,MN,27055,Minnesota,Houston
27,MN,27057,Minnesota,Hubbard
27,MN,27059,Minnesota,Isanti
27,MN,27061,Minnesota,Itasca
27,MN,27063,Minnesota,Jackson
27,MN,27065,Minnesota,Kanabec
27,MN,27067,Minnesota,Kandiyohi
27,MN,27069,Minnesota,Kittson
27,MN,27071,Minnesota,Koochiching
27,MN,27073,Minnesota,Lac qui Parle
27,MN,27075,Minnesota,Lake
27,MN,27077,Minnesota,Lake of the Woods
27,MN,27079,Minnesota,Le Sueur
27,MN,27081,Minnesota,Lincoln
27,MN,27083,Minnesota,Lyon
27,MN,27085,Minnesota,McLeod
27,MN,27087,Minnesota,Mahnomen
27,MN,27089,Minnesota,Marshall
27,MN,27091,Minnesota,Martin
27,MN,27093,Minnesota,Meeker
27,MN,27095,Minnesota,Mille Lacs
27,MN,27097,Minnesota,Morrison
27,MN,27099,Minnesota,Mower
27,MN,27101,Minnesota,Murray
27,MN,27103,Minnesota,Nicollet
27,MN,27105,Minnesota,Nobles
27,MN,27107,Minnesota,Norman
27,MN,27109,Minnesota,Olmsted
27,MN,27111,Minnesota,Otter Tail
27,MN,27113,Minnesota,Pennington
27,MN,27115,Minnesota,Pine
27,MN,27117,Minnesota,Pipestone
27,MN,27119,Minnesota,Polk
27,MN,27121,Minnesota,Pope
27,MN,27123,Minnesota,Ramsey
27,MN,27125,Minnesota,Red Lake
27,MN,27127,Minnesota,Redwood
27,MN,27129,Minnesota,Renville
27,MN,27131,Minnesota,Rice
27,MN,27133,Minnesota,Rock
27,MN,27135,Minnesota,Roseau
27,MN,27137,Minnesota,St. Louis
27,MN,27139,Minnesota,Scott
27,MN,27141,Minnesota,Sherburne
27,MN,27143,Minnesota,Sibley
27,MN,27145,Minnesota,Stearns
27,MN,27147,Minnesota,Steele
27,MN,27149,Minnesota,Stevens
27,MN,27151,Minnesota,Swift
27,MN,27153,Minnesota,Todd
27,MN,27155,Minnesota,Traverse
27,MN,27157,Minnesota,Wabasha
27,MN,27159,Minnesota,Wadena
27,MN,27161,Minnesota,Waseca
27,MN,27163,Minnesota,Washington
27,MN,27165,Minnesota,Watonwan
27,MN,27167,Minnesota,Wilkin
27,MN,27169,Minnesota,Winona
27,MN,27171,Minnesota,Wright
27,MN,27173,Minnesota,Yellow Medicine
28,MS,28001,Mississippi,Adams
28,MS,28003,Mississippi,Alcorn
28,MS,28005,Mississippi,Amite
28,MS,28007,Mississippi,Attala
28,MS,28009,Mississippi,Benton
28,MS,28011,Mississippi,Bolivar
28,MS,28013,Mississippi,Calhoun
28,MS,28015,Mississippi,Carroll
28,MS,28017,Mississippi,Chickasaw
28,MS,28019,Mississippi,Choctaw
28,MS,28021,Mississippi,Claiborne
28,MS,28023,Mississippi,Clarke
28,MS,28025,Mississippi,Clay
28,MS,28027,Mississippi,Coahoma
28,MS,28029,Mississippi,Copiah
28,MS,28031,Mississippi,Covington
28,MS,28033,Mississippi,DeSoto
28,MS,28035,Mississippi,Forrest
28,MS,28037,Mississippi,Franklin
28,MS,28039,Mississippi,George
28,MS,28041,Mississippi,Greene
28,MS,28043,Mississippi,Grenada
28,MS,28045,Mississippi,Hancock
28,MS,28047,Mississippi,Harrison
28,MS,28049,Mississippi,Hinds
28,MS,28051,Mississippi,Holmes
28,MS,28053,Mississippi,Humphreys
28,MS,28055,Mississippi,Issaquena
28,MS,28057,Mississippi,Itawamba
28,MS,28059,Mississippi,Jackson
28,MS,28061,Mississippi,Jasper
28,MS,28063,Mississippi,Jefferson
28,MS,28065,Mississippi,Jefferson Davis
28,MS,28067,Mississippi,Jones
28,MS,28069,Mississippi,Kemper
28,MS,28071,Mississippi,Lafayette
28,MS,28073,Mississippi,Lamar
28,MS,28075,Mississippi,Lauderdale
28,MS,28077,Mississippi,Lawrence
28,MS,28079,Mississippi,Leake
28,MS,28081,Mississippi,Lee
28,MS,28083,Mississippi,Leflore
28,MS,28085,Mississippi,Lincoln
28,MS,28087,Mississippi,Lowndes
28,MS,28089,Mississippi,Madison
28,MS,28091,Mississippi,Marion
28,MS,28093,Mississippi,Marshall
28,MS,28095,Mississippi,Monroe
28,MS,28097,Mississippi,Montgomery
28,MS,28099,Mississippi,Neshoba
28,MS,28101,Mississippi,Newton
28,MS,28103,Mississippi,Noxubee
28,MS,28105,Mississippi,Oktibbeha
28,MS,28107,Mississippi,Panola
28,MS,28109,Mississippi,Pearl River
28,MS,28111,Mississippi,Perry
28,MS,28113,Mississippi,Pike
28,MS,28115,Mississippi,Pontotoc
28,MS,28117,Mississippi,Prentiss
28,MS,28119,Mississippi,Quitman
28,MS,28121,Mississippi,Rankin
28,MS,28123,Mississippi,Scott
28,MS,28125,Mississippi,Sharkey
28,MS,28127,Mississippi,Simpson
28,MS,28129,Mississippi,Smith
28,MS,28131,Mississippi,Stone
28,MS,28133,Mississippi,Sunflower
28,MS,28135,Mississippi,Tallahatchie
28,MS,28137,Mississippi,Tate
28,MS,28139,Mississippi,Tippah
28,MS,28141,Mississippi,Tishomingo
28,MS,28143,Mississippi,Tunica
28,MS,28145,Mississippi,Union
28,MS,28147,Mississippi,Walthall
28,MS,28149,Mississippi,Warren
28,MS,28151,Mississippi,Washington
28,MS,28153,Mississippi,Wayne
28,MS,28155,Mississippi,Webster
28,MS,28157,Mississippi,Wilkinson
28,MS,28159,Mississippi,Winston
28,MS,28161,Mississippi,Yalobusha
28,MS,28163,Mississippi,Yazoo
29,MO,29001,Missouri,Adair
29,MO,29003,Missouri,Andrew
29,MO,29005,Missouri,Atchison
29,MO,29007,Missouri,Audrain
29,MO,29009,Missouri,Barry
29,MO,29011,Missouri,Barton
29,MO,29013,Missouri,Bates
29,MO,29015,Missouri,Benton
29,MO,29017,Missouri,Bollinger
29,MO,29019,Missouri,Boone
29,MO,29021,Missouri,Buchanan
29,MO,29023,Missouri,Butler
29,MO,29025,Missouri,Caldwell
29,MO,29027,Missouri,Callaway
29,MO,29029,Missouri,Camden
29,MO,29031,Missouri,Cape Girardeau
29,MO,29033,Missouri,Carroll
29,MO,29035,Missouri,Carter
29,MO,29037,Missouri,Cass
29,MO,29039,Missouri,Cedar
29,MO,29041,Missouri,Chariton
29,MO,29043,Missouri,Christian
29,MO,29045,Missouri,Clark
29,MO,29047,Missouri,Clay
29,MO,29049,Missouri,Clinton
29,MO,29051,Missouri,Cole
29,MO,29053,Missouri,Cooper
29,MO,29055,Missouri,Crawford
29,MO,29057,Missouri,Dade
29,MO,29059,Missouri,Dallas
29,MO,29061,Missouri,Daviess
29,MO,29063,Missouri,DeKalb
29,MO,29065,Missouri,Dent
29,MO,29067,Missouri,Douglas
29,MO,29069,Missouri,Dunklin
29,MO,29071,Missouri,Franklin
29,MO,29073,Missouri,Gasconade
29,MO,29075,Missouri,Gentry
29,MO,29077,Missouri,Greene
29,MO,29079,Missouri,Grundy
29,MO,29081,Missouri,Harrison
29,MO,29083,Missouri,Henry
29,MO,29085,Missouri,Hickory
29,MO,29087,Missouri,Holt
29,MO,29089,Missouri,Howard
29,MO,29091,Missouri,Howell
29,MO,29093,Missouri,Iron
29,MO,29095,Missouri,Jackson
29,MO,29097,Missouri,Jasper
29,MO,29099,Missouri,Jefferson
29,MO,29101,Missouri,Johnson
29,MO,29103,Missouri,Knox
29,MO,29105,Missouri,Laclede
29,MO,29107,Missouri,Lafayette
29,MO,29109,Missouri,Lawrence
29,MO,29111,Missouri,Lewis
29,MO,29113,Missouri,Lincoln
29,MO,29115,Missouri,Linn
29,MO,29117,Missouri,Livingston
29,MO,29119,Missouri,McDonald
29,MO,29121,Missouri,Macon
29,MO,29123,Missouri,Madison
29,MO,29125,Missouri,Maries
29,MO,29127,Missouri,Marion
29,MO,29129,Missouri,Mercer
29,MO,29131,Missouri,Miller
29,MO,29133,Missouri,Mississippi
29,MO,29135,Missouri,Moniteau
29,MO,29137,Missouri,Monroe
29,MO,29139,Missouri,Montgomery
29,MO,29141,Missouri,Morgan
29,MO,29143,Missouri,New Madrid
29,MO,29145,Missouri,Newton
29,MO,29147,Missouri,Nodaway
29,MO,29149,Missouri,Oregon
29,MO,29151,Missouri,Osage
29,MO,29153,Missouri,Ozark
29,MO,29155,Missouri,Pemiscot
29,MO,29157,Missouri,Perry
29,MO,29159,Missouri,Pettis
29,MO,29161,Missouri,Phelps
29,MO,29163,Missouri,Pike
29,MO,29165,Missouri,Platte
29,MO,29167,Missouri,Polk
29,MO,29169,Missouri,Pulaski
29,MO,29171,Missouri,Putnam
29,MO,29173,Missouri,Ralls
29,MO,29175,Missouri,Randolph
29,MO,29177,Missouri,Ray
29,MO,29179,Missouri,Reynolds
29,MO,29181,Missouri,Ripley
29,MO,29183,Missouri,St. Charles
29,MO,29185,Missouri,St. Clair
29,MO,29186,Missouri,Ste. Genevieve
29,MO,29187,Missouri,St. Francois
29,MO,29189,Missouri,St. Louis
29,MO,29195,Missouri,Saline
29,MO,29197,Missouri,Schuyler
29,MO,29199,Missouri,Scotland
29,MO,29201,Missouri,Scott
29,MO,29203,Missouri,Shannon
29,MO,29205,Missouri,Shelby
29,MO,29207,Missouri,Stoddard
29,MO,29209,Missouri,Stone
29,MO,29211,Missouri,Sullivan
29,MO,29213,Missouri,Taney
29,MO,29215,Missouri,Texas
29,MO,29217,Missouri,Vernon
29,MO,29219,Missouri,Warren
29,MO,29221,Missouri,Washington
29,MO,29223,Missouri,Wayne
29,MO,29225,Missouri,Webster
29,MO,29227,Missouri,Worth
29,MO,29229,Missouri,Wright
29,MO,29510,Missouri,St. Louis
30,MT,30001,Montana,Beaverhead
30,MT,30003,Montana,Big Horn
30,MT,30005,Montana,Blaine
30,MT,30007,Montana,Broadwater
30,MT,30009,Montana,Carbon
30,MT,30011,Montana,Carter
30,MT,30013,Montana,Cascade
30,MT,30015,Montana,Chouteau
30,MT,30017,Montana,Custer
30,MT,30019,Montana,Daniels
30,MT,30021,Montana,Dawson
30,MT,30023,Montana,Deer Lodge
30,MT,30025,Montana,Fallon
30,MT,30027,Montana,Fergus
30,MT,30029,Montana,Flathead
30,MT,30031,Montana,Gallatin
30,MT,30033,Montana,Garfield
30,MT,30035,Montana,Glacier
30,MT,30037,Montana,Golden Valley
30,MT,30039,Montana,Granite
30,MT,30041,Montana,Hill
30,MT,30043,Montana,Jefferson
30,MT,30045,Montana,Judith Basin
30,MT,30047,Montana,Lake
30,MT,30049,Montana,Lewis and Clark
30,MT,30051,Montana,Liberty
30,MT,30053,Montana,Lincoln
30,MT,30055,Montana,McCone
30,MT,30057,Montana,Madison
30,MT,30059,Montana,Meagher
30,MT,30061,Montana,Mineral
30,MT,30063,Montana,Missoula
30,MT,30065,Montana,Musselshell
30,MT,30067,Montana,Park
30,MT,30069,Montana,Petroleum
30,MT,30071,Montana,Phillips
30,MT,30073,Montana,Pondera
30,MT,30075,Montana,Powder River
30,MT,30077,Montana,Powell
30,MT,30079,Montana,Prairie
30,MT,30081,Montana,Ravalli
30,MT,30083,Montana,Richland
30,MT,30085,Montana,Roosevelt
30,MT,30087,Montana,Rosebud
30,MT,30089,Montana,Sanders
30,MT,30091,Montana,Sheridan
30,MT,30093,Montana,Silver Bow
30,MT,30095,Montana,Stillwater
30,MT,30097,Montana,Sweet Grass
30,MT,30099,Montana,Teton
30,MT,30101,Montana,Toole
30,MT,30103,Montana,Treasure
30,MT,30105,Montana,Valley
30,MT,30107,Montana,Wheatland
30,MT,30109,Montana,Wibaux
30,MT,30111,Montana,Yellowstone
31,NE,31001,Nebraska,Adams
31,NE,31003,Nebraska,Antelope
31,NE,31005,Nebraska,Arthur
31,NE,31007,Nebraska,Banner
31,NE,31009,Nebraska,Blaine
31,NE,31011,Nebraska,Boone
31,NE,31013,Nebraska,Box Butte
31,NE,31015,Nebraska,Boyd
31,NE,31017,Nebraska,Brown
31,NE,31019,Nebraska,Buffalo
31,NE,31021,Nebraska,Burt
31,NE,31023,Nebraska,Butler
31,NE,31025,Nebraska,Cass
31,NE,31027,Nebraska,Cedar
31,NE,31029,Nebraska,Chase
31,NE,31031,Nebraska,Cherry
31,NE,31033,Nebraska,Cheyenne
31,NE,31035,Nebraska,Clay
31,NE,31037,Nebraska,Colfax
31,NE,31039,Nebraska,Cuming
31,NE,31041,Nebraska,Custer
31,NE,31043,Nebraska,Dakota
31,NE,31045,Nebraska,Dawes
31,NE,31047,Nebraska,Dawson
31,NE,31049,Nebraska,Deuel
31,NE,31051,Nebraska,Dixon
31,NE,31053,Nebraska,Dodge
31,NE,31055,Nebraska,Douglas
31,NE,31057,Nebraska,Dundy
31,NE,31059,Nebraska,Fillmore
31,NE,31061,Nebraska,Franklin
31,NE,31063,Nebraska,Frontier
31,NE,31065,Nebraska,Furnas
31,NE,31067,Nebraska,Gage
31,NE,31069,Nebraska,Garden
31,NE,31071,Nebraska,Garfield
31,NE,31073,Nebraska,Gosper
31,NE,31075,Nebraska,Grant
31,NE,31077,Nebraska,Greeley
31,NE,31079,Nebraska,Hall
31,NE,31081,Nebraska,Hamilton
31,NE,31083,Nebraska,Harlan
31,NE,31085,Nebraska,Hayes
31,NE,31087,Nebraska,Hitchcock
31,NE,31089,Nebraska,Holt
31,NE,31091,Nebraska,Hooker
31,NE,31093,Nebraska,Howard
31,NE,31095,Nebraska,Jefferson
31,NE,31097,Nebraska,Johnson
31,NE,31099,Nebraska,Kearney
31,NE,31101,Nebraska,Keith
31,NE,31103,Nebraska,Keya Paha
31,NE,31105,Nebraska,Kimball
31,NE,31107,Nebraska,Knox
31,NE,31109,Nebraska,Lancaster
31,NE,31111,Nebraska,Lincoln
31,NE,31113,Nebraska,Logan
31,NE,31115,Nebraska,Loup
31,NE,31117,Nebraska,McPherson
31,NE,31119,Nebraska,Madison
31,NE,31121,Nebraska,Merrick
31,NE,31123,Nebraska,Morrill
31,NE,31125,Nebraska,Nance
31,NE,31127,Nebraska,Nemaha
31,NE,31129,Nebraska,Nuckolls
31,NE,31131,Nebraska,Otoe
31,NE,31133,Nebraska,Pawnee
31,NE,31135,Nebraska,Perkins
31,NE,31137,Nebraska,Phelps
31,NE,31139,Nebraska,Pierce
31,NE,31141,Nebraska,Platte
31,NE,31143,Nebraska,Polk
31,NE,31145,Nebraska,Red Willow
31,NE,31147,Nebraska,Richardson
31,NE,31149,Nebraska,Rock
31,NE,31151,Nebraska,Saline
31,NE,31153,Nebraska,Sarpy
31,NE,31155,Nebraska,Saunders
31,NE,31157,Nebraska,Scotts Bluff
31,NE,31159,Nebraska,Seward
31,NE,31161,Nebraska,Sheridan
31,NE,31163,Nebraska,Sherman
31,NE,31165,Nebraska,Sioux
31,NE,31167,Nebraska,Stanton
31,NE,31169,Nebraska,Thayer
31,NE,31171,Nebraska,Thomas
31,NE,31173,Nebraska,Thurston
31,NE,31175,Nebraska,Valley
31,NE,31177,Nebraska,Washington
31,NE,31179,Nebraska,Wayne
31,NE,31181,Nebraska,Webster
31,NE,31183,Nebraska,Wheeler
31,NE,31185,Nebraska,York
32,NV,32001,Nevada,Churchill
32,NV,32003,Nevada,Clark
32,NV,32005,Nevada,Douglas
32,NV,32007,Nevada,Elko
32,NV,32009,Nevada,Esmeralda
32,NV,32011,Nevada,Eureka
32,NV,32013,Nevada,Humboldt
32,NV,32015,Nevada,Lander
32,NV,32017,Nevada,Lincoln
32,NV,32019,Nevada,Lyon
32,NV,32021,Nevada,Mineral
32,NV,32023,Nevada,Nye
32,NV,32027,Nevada,Pershing
32,NV,32029,Nevada,Storey
32,NV,32031,Nevada,Washoe
32,NV,32033,Nevada,White Pine
32,NV,32510,Nevada,Carson City
33,NH,33001,New Hampshire,Belknap
33,NH,33003,New Hampshire,Carroll
33,NH,33005,New Hampshire,Cheshire
33,NH,33007,New Hampshire,Coos
33,NH,33009,New Hampshire,Grafton
33,NH,33011,New Hampshire,Hillsborough
33,NH,33013,New Hampshire,Merrimack
33,NH,33015,New Hampshire,Rockingham
33,NH,33017,New Hampshire,Strafford
33,NH,33019,New Hampshire,Sullivan
34,NJ,34001,New Jersey,Atlantic
34,NJ,34003,New Jersey,Bergen
34,NJ,34005,New Jersey,Burlington
34,NJ,34007,New Jersey,Camden
34,NJ,34009,New Jersey,Cape May
34,NJ,34011,New Jersey,Cumberland
34,NJ,34013,New Jersey,Essex
34,NJ,34015,New Jersey,Gloucester
34,NJ,34017,New Jersey,Hudson
34,NJ,34019,New Jersey,Hunterdon
34,NJ,34021,New Jersey,Mercer
34,NJ,34023,New Jersey,Middlesex
34,NJ,34025,New Jersey,Monmouth
34,NJ,34027,New Jersey,Morris
34,NJ,34029,New Jersey,Ocean
34,NJ,34031,New Jersey,Passaic
34,NJ,34033,New Jersey,Salem
34,NJ,34035,New Jersey,Somerset
34,NJ,34037,New Jersey,Sussex
34,NJ,34039,New Jersey,Union
34,NJ,34041,New Jersey,Warren
35,NM,35001,New Mexico,Bernalillo
35,NM,35003,New Mexico,Catron
35,NM,35005,New Mexico,Chaves
35,NM,35006,New Mexico,Cibola
35,NM,35007,New Mexico,Colfax
35,NM,35009,New Mexico,Curry
35,NM,35011,New Mexico,De Baca
35,NM,35013,New Mexico,Doa Ana
35,NM,35015,New Mexico,Eddy
35,NM,35017,New Mexico,Grant
35,NM,35019,New Mexico,Guadalupe
35,NM,35021,New Mexico,Harding
35,NM,35023,New Mexico,Hidalgo
35,NM,35025,New Mexico,Lea
35,NM,35027,New Mexico,Lincoln
35,NM,35028,New Mexico,Los Alamos
35,NM,35029,New Mexico,Luna
35,NM,35031,New Mexico,McKinley
35,NM,35033,New Mexico,Mora
35,NM,35035,New Mexico,Otero
35,NM,35037,New Mexico,Quay
35,NM,35039,New Mexico,Rio Arriba
35,NM,35041,New Mexico,Roosevelt
35,NM,35043,New Mexico,Sandoval
35,NM,35045,New Mexico,San Juan
35,NM,35047,New Mexico,San Miguel
35,NM,35049,New Mexico,Santa Fe
35,NM,35051,New Mexico,Sierra
35,NM,35053,New Mexico,Socorro
35,NM,35055,New Mexico,Taos
35,NM,35057,New Mexico,Torrance
35,NM,35059,New Mexico,Union
35,NM,35061,New Mexico,Valencia
36,NY,36001,New York,Albany
36,NY,36003,New York,Allegany
36,NY,36005,New York,Bronx
36,NY,36007,New York,Broome
36,NY,36009,New York,Cattaraugus
36,NY,36011,New York,Cayuga
36,NY,36013,New York,Chautauqua
36,NY,36015,New York,Chemung
36,NY,36017,New York,Chenango
36,NY,36019,New York,Clinton
36,NY,36021,New York,Columbia
36,NY,36023,New York,Cortland
36,NY,36025,New York,Delaware
36,NY,36027,New York,Dutchess
36,NY,36029,New York,Erie
36,NY,36031,New York,Essex
36,NY,36033,New York,Franklin
36,NY,36035,New York,Fulton
36,NY,36037,New York,Genesee
36,NY,36039,New York,Greene
36,NY,36041,New York,Hamilton
36,NY,36043,New York,Herkimer
36,NY,36045,New York,Jefferson
36,NY,36047,New York,Kings
36,NY,36049,New York,Lewis
36,NY,36051,New York,Livingston
36,NY,36053,New York,Madison
36,NY,36055,New York,Monroe
36,NY,36057,New York,Montgomery
36,NY,36059,New York,Nassau
36,NY,36061,New York,New York
36,NY,36063,New York,Niagara
36,NY,36065,New York,Oneida
36,NY,36067,New York,Onondaga
36,NY,36069,New York,Ontario
36,NY,36071,New York,Orange
36,NY,36073,New York,Orleans
36,NY,36075,New York,Oswego
36,NY,36077,New York,Otsego
36,NY,36079,New York,Putnam
36,NY,36081,New York,Queens
36,NY,36083,New York,Rensselaer
36,NY,36085,New York,Richmond
36,NY,36087,New York,Rockland
36,NY,36089,New York,St. Lawrence
36,NY,36091,New York,Saratoga
36,NY,36093,New York,Schenectady
36,NY,36095,New York,Schoharie
36,NY,36097,New York,Schuyler
36,NY,36099,New York,Seneca
36,NY,36101,New York,Steuben
36,NY,36103,New York,Suffolk
36,NY,36105,New York,Sullivan
36,NY,36107,New York,Tioga
36,NY,36109,New York,Tompkins
36,NY,36111,New York,Ulster
36,NY,36113,New York,Warren
36,NY,36115,New York,Washington
36,NY,36117,New York,Wayne
36,NY,36119,New York,Westchester
36,NY,36121,New York,Wyoming
36,NY,36123,New York,Yates
37,NC,37001,North Carolina,Alamance
37,NC,37003,North Carolina,Alexander
37,NC,37005,North Carolina,Alleghany
37,NC,37007,North Carolina,Anson
37,NC,37009,North Carolina,Ashe
37,NC,37011,North Carolina,Avery
37,NC,37013,North Carolina,Beaufort
37,NC,37015,North Carolina,Bertie
37,NC,37017,North Carolina,Bladen
37,NC,37019,North Carolina,Brunswick
37,NC,37021,North Carolina,Buncombe
37,NC,37023,North Carolina,Burke
37,NC,37025,North Carolina,Cabarrus
37,NC,37027,North Carolina,Caldwell
37,NC,37029,North Carolina,Camden
37,NC,37031,North Carolina,Carteret
37,NC,37033,North Carolina,Caswell
37,NC,37035,North Carolina,Catawba
37,NC,37037,North Carolina,Chatham
37,NC,37039,North Carolina,Cherokee
37,NC,37041,North Carolina,Chowan
37,NC,37043,North Carolina,Clay
37,NC,37045,North Carolina,Cleveland
37,NC,37047,North Carolina,Columbus
37,NC,37049,North Carolina,Craven
37,NC,37051,North Carolina,Cumberland
37,NC,37053,North Carolina,Currituck
37,NC,37055,North Carolina,Dare
37,NC,37057,North Carolina,Davidson
37,NC,37059,North Carolina,Davie
37,NC,37061,North Carolina,Duplin
37,NC,37063,North Carolina,Durham
37,NC,37065,North Carolina,Edgecombe
37,NC,37067,North Carolina,Forsyth
37,NC,37069,North Carolina,Franklin
37,NC,37071,North Carolina,Gaston
37,NC,37073,North Carolina,Gates
37,NC,37075,North Carolina,Graham
37,NC,37077,North Carolina,Granville
37,NC,37079,North Carolina,Greene
37,NC,37081,North Carolina,Guilford
37,NC,37083,North Carolina,Halifax
37,NC,37085,North Carolina,Harnett
37,NC,37087,North Carolina,Haywood
37,NC,37089,North Carolina,Henderson
37,NC,37091,North Carolina,Hertford
37,NC,37093,North Carolina,Hoke
37,NC,37095,North Carolina,Hyde
37,NC,37097,North Carolina,Iredell
37,NC,37099,North Carolina,Jackson
37,NC,37101,North Carolina,Johnston
37,NC,37103,North Carolina,Jones
37,NC,37105,North Carolina,Lee
37,NC,37107,North Carolina,Lenoir
37,NC,37109,North Carolina,Lincoln
37,NC,37111,North Carolina,McDowell
37,NC,37113,North Carolina,Macon
37,NC,37115,North Carolina,Madison
37,NC,37117,North Carolina,Martin
37,NC,37119,North Carolina,Mecklenburg
37,NC,37121,North Carolina,Mitchell
37,NC,37123,North Carolina,Montgomery
37,NC,37125,North Carolina,Moore
37,NC,37127,North Carolina,Nash
37,NC,37129,North Carolina,New Hanover
37,NC,37131,North Carolina,Northampton
37,NC,37133,North Carolina,Onslow
37,NC,37135,North Carolina,Orange
37,NC,37137,North Carolina,Pamlico
37,NC,37139,North Carolina,Pasquotank
37,NC,37141,North Carolina,Pender
37,NC,37143,North Carolina,Perquimans
37,NC,37145,North Carolina,Person
37,NC,37147,North Carolina,Pitt
37,NC,37149,North Carolina,Polk
37,NC,37151,North Carolina,Randolph
37,NC,37153,North Carolina,Richmond
37,NC,37155,North Carolina,Robeson
37,NC,37157,North Carolina,Rockingham
37,NC,37159,North Carolina,Rowan
37,NC,37161,North Carolina,Rutherford
37,NC,37163,North Carolina,Sampson
37,NC,37165,North Carolina,Scotland
37,NC,37167,North Carolina,Stanly
37,NC,37169,North Carolina,Stokes
37,NC,37171,North Carolina,Surry
37,NC,37173,North Carolina,Swain
37,NC,37175,North Carolina,Transylvania
37,NC,37177,North Carolina,Tyrrell
37,NC,37179,North Carolina,Union
37,NC,37181,North Carolina,Vance
37,NC,37183,North Carolina,Wake
37,NC,37185,North Carolina,Warren
37,NC,37187,North Carolina,Washington
37,NC,37189,North Carolina,Watauga
37,NC,37191,North Carolina,Wayne
37,NC,37193,North Carolina,Wilkes
37,NC,37195,North Carolina,Wilson
37,NC,37197,North Carolina,Yadkin
37,NC,37199,North Carolina,Yancey
38,ND,38001,North Dakota,Adams
38,ND,38003,North Dakota,Barnes
38,ND,38005,North Dakota,Benson
38,ND,38007,North Dakota,Billings
38,ND,38009,North Dakota,Bottineau
38,ND,38011,North Dakota,Bowman
38,ND,38013,North Dakota,Burke
38,ND,38015,North Dakota,Burleigh
38,ND,38017,North Dakota,Cass
38,ND,38019,North Dakota,Cavalier
38,ND,38021,North Dakota,Dickey
38,ND,38023,North Dakota,Divide
38,ND,38025,North Dakota,Dunn
38,ND,38027,North Dakota,Eddy
38,ND,38029,North Dakota,Emmons
38,ND,38031,North Dakota,Foster
38,ND,38033,North Dakota,Golden Valley
38,ND,38035,North Dakota,Grand Forks
38,ND,38037,North Dakota,Grant
38,ND,38039,North Dakota,Griggs
38,ND,38041,North Dakota,Hettinger
38,ND,38043,North Dakota,Kidder
38,ND,38045,North Dakota,LaMoure
38,ND,38047,North Dakota,Logan
38,ND,38049,North Dakota,McHenry
38,ND,38051,North Dakota,McIntosh
38,ND,38053,North Dakota,McKenzie
38,ND,38055,North Dakota,McLean
38,ND,38057,North Dakota,Mercer
38,ND,38059,North Dakota,Morton
38,ND,38061,North Dakota,Mountrail
38,ND,38063,North Dakota,Nelson
38,ND,38065,North Dakota,Oliver
38,ND,38067,North Dakota,Pembina
38,ND,38069,North Dakota,Pierce
38,ND,38071,North Dakota,Ramsey
38,ND,38073,North Dakota,Ransom
38,ND,38075,North Dakota,Renville
38,ND,38077,North Dakota,Richland
38,ND,38079,North Dakota,Rolette
38,ND,38081,North Dakota,Sargent
38,ND,38083,North Dakota,Sheridan
38,ND,38085,North Dakota,Sioux
38,ND,38087,North Dakota,Slope
38,ND,38089,North Dakota,Stark
38,ND,38091,North Dakota,Steele
38,ND,38093,North Dakota,Stutsman
38,ND,38095,North Dakota,Towner
38,ND,38097,North Dakota,Traill
38,ND,38099,North Dakota,Walsh
38,ND,38101,North Dakota,Ward
38,ND,38103,North Dakota,Wells
38,ND,38105,North Dakota,Williams
39,OH,39001,Ohio,Adams
39,OH,39003,Ohio,Allen
39,OH,39005,Ohio,Ashland
39,OH,39007,Ohio,Ashtabula
39,OH,39009,Ohio,Athens
39,OH,39011,Ohio,Auglaize
39,OH,39013,Ohio,Belmont
39,OH,39015,Ohio,Brown
39,OH,39017,Ohio,Butler
39,OH,39019,Ohio,Carroll
39,OH,39021,Ohio,Champaign
39,OH,39023,Ohio,Clark
39,OH,39025,Ohio,Clermont
39,OH,39027,Ohio,Clinton
39,OH,39029,Ohio,Columbiana
39,OH,39031,Ohio,Coshocton
39,OH,39033,Ohio,Crawford
39,OH,39035,Ohio,Cuyahoga
39,OH,39037,Ohio,Darke
39,OH,39039,Ohio,Defiance
39,OH,39041,Ohio,Delaware
39,OH,39043,Ohio,Erie
39,OH,39045,Ohio,Fairfield
39,OH,39047,Ohio,Fayette
39,OH,39049,Ohio,Franklin
39,OH,39051,Ohio,Fulton
39,OH,39053,Ohio,Gallia
39,OH,39055,Ohio,Geauga
39,OH,39057,Ohio,Greene
39,OH,39059,Ohio,Guernsey
39,OH,39061,Ohio,Hamilton
39,OH,39063,Ohio,Hancock
39,OH,39065,Ohio,Hardin
39,OH,39067,Ohio,Harrison
39,OH,39069,Ohio,Henry
39,OH,39071,Ohio,Highland
39,OH,39073,Ohio,Hocking
39,OH,39075,Ohio,Holmes
39,OH,39077,Ohio,Huron
39,OH,39079,Ohio,Jackson
39,OH,39081,Ohio,Jefferson
39,OH,39083,Ohio,Knox
39,OH,39085,Ohio,Lake
39,OH,39087,Ohio,Lawrence
39,OH,39089,Ohio,Licking
39,OH,39091,Ohio,Logan
39,OH,39093,Ohio,Lorain
39,OH,39095,Ohio,Lucas
39,OH,39097,Ohio,Madison
39,OH,39099,Ohio,Mahoning
39,OH,39101,Ohio,Marion
39,OH,39103,Ohio,Medina
39,OH,39105,Ohio,Meigs
39,OH,39107,Ohio,Mercer
39,OH,39109,Ohio,Miami
39,OH,39111,Ohio,Monroe
39,OH,39113,Ohio,Montgomery
39,OH,39115,Ohio,Morgan
39,OH,39117,Ohio,Morrow
39,OH,39119,Ohio,Muskingum
39,OH,39121,Ohio,Noble
39,OH,39123,Ohio,Ottawa
39,OH,39125,Ohio,Paulding
39,OH,39127,Ohio,Perry
39,OH,39129,Ohio,Pickaway
39,OH,39131,Ohio,Pike
39,OH,39133,Ohio,Portage
39,OH,39135,Ohio,Preble
39,OH,39137,Ohio,Putnam
39,OH,39139,Ohio,Richland
39,OH,39141,Ohio,Ross
39,OH,39143,Ohio,Sandusky
39,OH,39145,Ohio,Scioto
39,OH,39147,Ohio,Seneca
39,OH,39149,Ohio,Shelby
39,OH,39151,Ohio,Stark
39,OH,39153,Ohio,Summit
39,OH,39155,Ohio,Trumbull
39,OH,39157,Ohio,Tuscarawas
39,OH,39159,Ohio,Union
39,OH,39161,Ohio,Van Wert
39,OH,39163,Ohio,Vinton
39,OH,39165,Ohio,Warren
39,OH,39167,Ohio,Washington
39,OH,39169,Ohio,Wayne
39,OH,39171,Ohio,Williams
39,OH,39173,Ohio,Wood
39,OH,39175,Ohio,Wyandot
40,OK,40001,Oklahoma,Adair
40,OK,40003,Oklahoma,Alfalfa
40,OK,40005,Oklahoma,Atoka
40,OK,40007,Oklahoma,Beaver
40,OK,40009,Oklahoma,Beckham
40,OK,40011,Oklahoma,Blaine
40,OK,40013,Oklahoma,Bryan
40,OK,40015,Oklahoma,Caddo
40,OK,40017,Oklahoma,Canadian
40,OK,40019,Oklahoma,Carter
40,OK,40021,Oklahoma,Cherokee
40,OK,40023,Oklahoma,Choctaw
40,OK,40025,Oklahoma,Cimarron
40,OK,40027,Oklahoma,Cleveland
40,OK,40029,Oklahoma,Coal
40,OK,40031,Oklahoma,Comanche
40,OK,40033,Oklahoma,Cotton
40,OK,40035,Oklahoma,Craig
40,OK,40037,Oklahoma,Creek
40,OK,40039,Oklahoma,Custer
40,OK,40041,Oklahoma,Delaware
40,OK,40043,Oklahoma,Dewey
40,OK,40045,Oklahoma,Ellis
40,OK,40047,Oklahoma,Garfield
40,OK,40049,Oklahoma,Garvin
40,OK,40051,Oklahoma,Grady
40,OK,40053,Oklahoma,Grant
40,OK,40055,Oklahoma,Greer
40,OK,40057,Oklahoma,Harmon
40,OK,40059,Oklahoma,Harper
40,OK,40061,Oklahoma,Haskell
40,OK,40063,Oklahoma,Hughes
40,OK,40065,Oklahoma,Jackson
40,OK,40067,Oklahoma,Jefferson
40,OK,40069,Oklahoma,Johnston
40,OK,40071,Oklahoma,Kay
40,OK,40073,Oklahoma,Kingfisher
40,OK,40075,Oklahoma,Kiowa
40,OK,40077,Oklahoma,Latimer
40,OK,40079,Oklahoma,Le Flore
40,OK,40081,Oklahoma,Lincoln
40,OK,40083,Oklahoma,Logan
40,OK,40085,Oklahoma,Love
40,OK,40087,Oklahoma,McClain
40,OK,40089,Oklahoma,McCurtain
40,OK,40091,Oklahoma,McIntosh
40,OK,40093,Oklahoma,Major
40,OK,40095,Oklahoma,Marshall
40,OK,40097,Oklahoma,Mayes
40,OK,40099,Oklahoma,Murray
40,OK,40101,Oklahoma,Muskogee
40,OK,40103,Oklahoma,Noble
40,OK,40105,Oklahoma,Nowata
40,OK,40107,Oklahoma,Okfuskee
40,OK,40109,Oklahoma,Oklahoma
40,OK,40111,Oklahoma,Okmulgee
40,OK,40113,Oklahoma,Osage
40,OK,40115,Oklahoma,Ottawa
40,OK,40117,Oklahoma,Pawnee
40,OK,40119,Oklahoma,Payne
40,OK,40121,Oklahoma,Pittsburg
40,OK,40123,Oklahoma,Pontotoc
40,OK,40125,Oklahoma,Pottawatomie
40,OK,40127,Oklahoma,Pushmataha
40,OK,40129,Oklahoma,Roger Mills
40,OK,40131,Oklahoma,Rogers
40,OK,40133,Oklahoma,Seminole
40,OK,40135,Oklahoma,Sequoyah
40,OK,40137,Oklahoma,Stephens
40,OK,40139,Oklahoma,Texas
40,OK,40141,Oklahoma,Tillman
40,OK,40143,Oklahoma,Tulsa
40,OK,40145,Oklahoma,Wagoner
40,OK,40147,Oklahoma,Washington
40,OK,40149,Oklahoma,Washita
40,OK,40151,Oklahoma,Woods
40,OK,40153,Oklahoma,Woodward
41,OR,41001,Oregon,Baker
41,OR,41003,Oregon,Benton
41,OR,41005,Oregon,Clackamas
41,OR,41007,Oregon,Clatsop
41,OR,41009,Oregon,Columbia
41,OR,41011,Oregon,Coos
41,OR,41013,Oregon,Crook
41,OR,41015,Oregon,Curry
41,OR,41017,Oregon,Deschutes
41,OR,41019,Oregon,Douglas
41,OR,41021,Oregon,Gilliam
41,OR,41023,Oregon,Grant
41,OR,41025,Oregon,Harney
41,OR,41027,Oregon,Hood River
41,OR,41029,Oregon,Jackson
41,OR,41031,Oregon,Jefferson
41,OR,41033,Oregon,Josephine
41,OR,41035,Oregon,Klamath
41,OR,41037,Oregon,Lake
41,OR,41039,Oregon,Lane
41,OR,41041,Oregon,Lincoln
41,OR,41043,Oregon,Linn
41,OR,41045,Oregon,Malheur
41,OR,41047,Oregon,Marion
41,OR,41049,Oregon,Morrow
41,OR,41051,Oregon,Multnomah
41,OR,41053,Oregon,Polk
41,OR,41055,Oregon,Sherman
41,OR,41057,Oregon,Tillamook
41,OR,41059,Oregon,Umatilla
41,OR,41061,Oregon,Union
41,OR,41063,Oregon,Wallowa
41,OR,41065,Oregon,Wasco
41,OR,41067,Oregon,Washington
41,OR,41069,Oregon,Wheeler
41,OR,41071,Oregon,Yamhill
42,PA,42001,Pennsylvania,Adams
42,PA,42003,Pennsylvania,Allegheny
42,PA,42005,Pennsylvania,Armstrong
42,PA,42007,Pennsylvania,Beaver
42,PA,42009,Pennsylvania,Bedford
42,PA,42011,Pennsylvania,Berks
42,PA,42013,Pennsylvania,Blair
42,PA,42015,Pennsylvania,Bradford
42,PA,42017,Pennsylvania,Bucks
42,PA,42019,Pennsylvania,Butler
42,PA,42021,Pennsylvania,Cambria
42,PA,42023,Pennsylvania,Cameron
42,PA,42025,Pennsylvania,Carbon
42,PA,42027,Pennsylvania,Centre
42,PA,42029,Pennsylvania,Chester
42,PA,42031,Pennsylvania,Clarion
42,PA,42033,Pennsylvania,Clearfield
42,PA,42035,Pennsylvania,Clinton
42,PA,42037,Pennsylvania,Columbia
42,PA,42039,Pennsylvania,Crawford
42,PA,42041,Pennsylvania,Cumberland
42,PA,42043,Pennsylvania,Dauphin
42,PA,42045,Pennsylvania,Delaware
42,PA,42047,Pennsylvania,Elk
42,PA,42049,Pennsylvania,Erie
42,PA,42051,Pennsylvania,Fayette
42,PA,42053,Pennsylvania,Forest
42,PA,42055,Pennsylvania,Franklin
42,PA,42057,Pennsylvania,Fulton
42,PA,42059,Pennsylvania,Greene
42,PA,42061,Pennsylvania,Huntingdon
42,PA,42063,Pennsylvania,Indiana
42,PA,42065,Pennsylvania,Jefferson
42,PA,42067,Pennsylvania,Juniata
42,PA,42069,Pennsylvania,Lackawanna
42,PA,42071,Pennsylvania,Lancaster
42,PA,42073,Pennsylvania,Lawrence
42,PA,42075,Pennsylvania,Lebanon
42,PA,42077,Pennsylvania,Lehigh
42,PA,42079,Pennsylvania,Luzerne
42,PA,42081,Pennsylvania,Lycoming
42,PA,42083,Pennsylvania,McKean
42,PA,42085,Pennsylvania,Mercer
42,PA,42087,Pennsylvania,Mifflin
42,PA,42089,Pennsylvania,Monroe
42,PA,42091,Pennsylvania,Montgomery
42,PA,42093,Pennsylvania,Montour
42,PA,42095,Pennsylvania,Northampton
42,PA,42097,Pennsylvania,Northumberland
42,PA,42099,Pennsylvania,Perry
42,PA,42101,Pennsylvania,Philadelphia
42,PA,42103,Pennsylvania,Pike
42,PA,42105,Pennsylvania,Potter
42,PA,42107,Pennsylvania,Schuylkill
42,PA,42109,Pennsylvania,Snyder
42,PA,42111,Pennsylvania,Somerset
42,PA,42113,Pennsylvania,Sullivan
42,PA,42115,Pennsylvania,Susquehanna
42,PA,42117,Pennsylvania,Tioga
42,PA,42119,Pennsylvania,Union
42,PA,42121,Pennsylvania,Venango
42,PA,42123,Pennsylvania,Warren
42,PA,42125,Pennsylvania,Washington
42,PA,42127,Pennsylvania,Wayne
42,PA,42129,Pennsylvania,Westmoreland
42,PA,42131,Pennsylvania,Wyoming
42,PA,42133,Pennsylvania,York
44,RI,44001,Rhode Island,Bristol
44,RI,44003,Rhode Island,Kent
44,RI,44005,Rhode Island,Newport
44,RI,44007,Rhode Island,Providence
44,RI,44009,Rhode Island,Washington
45,SC,45001,South Carolina,Abbeville
45,SC,45003,South Carolina,Aiken
45,SC,45005,South Carolina,Allendale
45,SC,45007,South Carolina,Anderson
45,SC,45009,South Carolina,Bamberg
45,SC,45011,South Carolina,Barnwell
45,SC,45013,South Carolina,Beaufort
45,SC,45015,South Carolina,Berkeley
45,SC,45017,South Carolina,Calhoun
45,SC,45019,South Carolina,Charleston
45,SC,45021,South Carolina,Cherokee
45,SC,45023,South Carolina,Chester
45,SC,45025,South Carolina,Chesterfield
45,SC,45027,South Carolina,Clarendon
45,SC,45029,South Carolina,Colleton
45,SC,45031,South Carolina,Darlington
45,SC,45033,South Carolina,Dillon
45,SC,45035,South Carolina,Dorchester
45,SC,45037,South Carolina,Edgefield
45,SC,45039,South Carolina,Fairfield
45,SC,45041,South Carolina,Florence
45,SC,45043,South Carolina,Georgetown
45,SC,45045,South Carolina,Greenville
45,SC,45047,South Carolina,Greenwood
45,SC,45049,South Carolina,Hampton
45,SC,45051,South Carolina,Horry
45,SC,45053,South Carolina,Jasper
45,SC,45055,South Carolina,Kershaw
45,SC,45057,South Carolina,Lancaster
45,SC,45059,South Carolina,Laurens
45,SC,45061,South Carolina,Lee
45,SC,45063,South Carolina,Lexington
45,SC,45065,South Carolina,McCormick
45,SC,45067,South Carolina,Marion
45,SC,45069,South Carolina,Marlboro
45,SC,45071,South Carolina,Newberry
45,SC,45073,South Carolina,Oconee
45,SC,45075,South Carolina,Orangeburg
45,SC,45077,South Carolina,Pickens
45,SC,45079,South Carolina,Richland
45,SC,45081,South Carolina,Saluda
45,SC,45083,South Carolina,Spartanburg
45,SC,45085,South Carolina,Sumter
45,SC,45087,South Carolina,Union
45,SC,45089,South Carolina,Williamsburg
45,SC,45091,South Carolina,York
46,SD,46003,South Dakota,Aurora
46,SD,46005,South Dakota,Beadle
46,SD,46007,South Dakota,Bennett
46,SD,46009,South Dakota,Bon Homme
46,SD,46011,South Dakota,Brookings
46,SD,46013,South Dakota,Brown
46,SD,46015,South Dakota,Brule
46,SD,46017,South Dakota,Buffalo
46,SD,46019,South Dakota,Butte
46,SD,46021,South Dakota,Campbell
46,SD,46023,South Dakota,Charles Mix
46,SD,46025,South Dakota,Clark
46,SD,46027,South Dakota,Clay
46,SD,46029,South Dakota,Codington
46,SD,46031,South Dakota,Corson
46,SD,46033,South Dakota,Custer
46,SD,46035,South Dakota,Davison
46,SD,46037,South Dakota,Day
46,SD,46039,South Dakota,Deuel
46,SD,46041,South Dakota,Dewey
46,SD,46043,South Dakota,Douglas
46,SD,46045,South Dakota,Edmunds
46,SD,46047,South Dakota,Fall River
46,SD,46049,South Dakota,Faulk
46,SD,46051,South Dakota,Grant
46,SD,46053,South Dakota,Gregory
46,SD,46055,South Dakota,Haakon
46,SD,46057,South Dakota,Hamlin
46,SD,46059,South Dakota,Hand
46,SD,46061,South Dakota,Hanson
46,SD,46063,South Dakota,Harding
46,SD,46065,South Dakota,Hughes
46,SD,46067,South Dakota,Hutchinson
46,SD,46069,South Dakota,Hyde
46,SD,46071,South Dakota,Jackson
46,SD,46073,South Dakota,Jerauld
46,SD,46075,South Dakota,Jones
46,SD,46077,South Dakota,Kingsbury
46,SD,46079,South Dakota,Lake
46,SD,46081,South Dakota,Lawrence
46,SD,46083,South Dakota,Lincoln
46,SD,46085,South Dakota,Lyman
46,SD,46087,South Dakota,McCook
46,SD,46089,South Dakota,McPherson
46,SD,46091,South Dakota,Marshall
46,SD,46093,South Dakota,Meade
46,SD,46095,South Dakota,Mellette
46,SD,46097,South Dakota,Miner
46,SD,46099,South Dakota,Minnehaha
46,SD,46101,South Dakota,Moody
46,SD,46102,South Dakota,Oglala Lakota
46,SD,46103,South Dakota,Pennington
46,SD,46105,South Dakota,Perkins
46,SD,46107,South Dakota,Potter
46,SD,46109,South Dakota,Roberts
46,SD,46111,South Dakota,Sanborn
46,SD,46115,South Dakota,Spink
46,SD,46117,South Dakota,Stanley
46,SD,46119,South Dakota,Sully
46,SD,46121,South Dakota,Todd
46,SD,46123,South Dakota,Tripp
46,SD,46125,South Dakota,Turner
46,SD,46127,South Dakota,Union
46,SD,46129,South Dakota,Walworth
46,SD,46135,South Dakota,Yankton
46,SD,46137,South Dakota,Ziebach
47,TN,47001,Tennessee,Anderson
47,TN,47003,Tennessee,Bedford
47,TN,47005,Tennessee,Benton
47,TN,47007,Tennessee,Bledsoe
47,TN,47009,Tennessee,Blount
47,TN,47011,Tennessee,Bradley
47,TN,47013,Tennessee,Campbell
47,TN,47015,Tennessee,Cannon
47,TN,47017,Tennessee,Carroll
47,TN,47019,Tennessee,Carter
47,TN,47021,Tennessee,Cheatham
47,TN,47023,Tennessee,Chester
47,TN,47025,Tennessee,Claiborne
47,TN,47027,Tennessee,Clay
47,TN,47029,Tennessee,Cocke
47,TN,47031,Tennessee,Coffee
47,TN,47033,Tennessee,Crockett
47,TN,47035,Tennessee,Cumberland
47,TN,47037,Tennessee,Davidson
47,TN,47039,Tennessee,Decatur
47,TN,47041,Tennessee,DeKalb
47,TN,47043,Tennessee,Dickson
47,TN,47045,Tennessee,Dyer
47,TN,47047,Tennessee,Fayette
47,TN,47049,Tennessee,Fentress
47,TN,47051,Tennessee,Franklin
47,TN,47053,Tennessee,Gibson
47,TN,47055,Tennessee,Giles
47,TN,47057,Tennessee,Grainger
47,TN,47059,Tennessee,Greene
47,TN,47061,Tennessee,Grundy
47,TN,47063,Tennessee,Hamblen
47,TN,47065,Tennessee,Hamilton
47,TN,47067,Tennessee,Hancock
47,TN,47069,Tennessee,Hardeman
47,TN,47071,Tennessee,Hardin
47,TN,47073,Tennessee,Hawkins
47,TN,47075,Tennessee,Haywood
47,TN,47077,Tennessee,Henderson
47,TN,47079,Tennessee,Henry
47,TN,47081,Tennessee,Hickman
47,TN,47083,Tennessee,Houston
47,TN,47085,Tennessee,Humphreys
47,TN,47087,Tennessee,Jackson
47,TN,47089,Tennessee,Jefferson
47,TN,47091,Tennessee,Johnson
47,TN,47093,Tennessee,Knox
47,TN,47095,Tennessee,Lake
47,TN,47097,Tennessee,Lauderdale
47,TN,47099,Tennessee,Lawrence
47,TN,47101,Tennessee,Lewis
47,TN,47103,Tennessee,Lincoln
47,TN,47105,Tennessee,Loudon
47,TN,47107,Tennessee,McMinn
47,TN,47109,Tennessee,McNairy
47,TN,47111,Tennessee,Macon
47,TN,47113,Tennessee,Madison
47,TN,47115,Tennessee,Marion
47,TN,47117,Tennessee,Marshall
47,TN,47119,Tennessee,Maury
47,TN,47121,Tennessee,Meigs
47,TN,47123,Tennessee,Monroe
47,TN,47125,Tennessee,Montgomery
47,TN,47127,Tennessee,Moore
47,TN,47129,Tennessee,Morgan
47,TN,47131,Tennessee,Obion
47,TN,47133,Tennessee,Overton
47,TN,47135,Tennessee,Perry
47,TN,47137,Tennessee,Pickett
47,TN,47139,Tennessee,Polk
47,TN,47141,Tennessee,Putnam
47,TN,47143,Tennessee,Rhea
47,TN,47145,Tennessee,Roane
47,TN,47147,Tennessee,Robertson
47,TN,47149,Tennessee,Rutherford
47,TN,47151,Tennessee,Scott
47,TN,47153,Tennessee,Sequatchie
47,TN,47155,Tennessee,Sevier
47,TN,47157,Tennessee,Shelby
47,TN,47159,Tennessee,Smith
47,TN,47161,Tennessee,Stewart
47,TN,47163,Tennessee,Sullivan
47,TN,47165,Tennessee,Sumner
47,TN,47167,Tennessee,Tipton
47,TN,47169,Tennessee,Trousdale
47,TN,47171,Tennessee,Unicoi
47,TN,47173,Tennessee,Union
47,TN,47175,Tennessee,Van Buren
47,TN,47177,Tennessee,Warren
47,TN,47179,Tennessee,Washington
47,TN,47181,Tennessee,Wayne
47,TN,47183,Tennessee,Weakley
47,TN,47185,Tennessee,White
47,TN,47187,Tennessee,Williamson
47,TN,47189,Tennessee,Wilson
48,TX,48001,Texas,Anderson
48,TX,48003,Texas,Andrews
48,TX,48005,Texas,Angelina
48,TX,48007,Texas,Aransas
48,TX,48009,Texas,Archer
48,TX,48011,Texas,Armstrong
48,TX,48013,Texas,Atascosa
48,TX,48015,Texas,Austin
48,TX,48017,Texas,Bailey
48,TX,48019,Texas,Bandera
48,TX,48021,Texas,Bastrop
48,TX,48023,Texas,Baylor
48,TX,48025,Texas,Bee
48,TX,48027,Texas,Bell
48,TX,48029,Texas,Bexar
48,TX,48031,Texas,Blanco
48,TX,48033,Texas,Borden
48,TX,48035,Texas,Bosque
48,TX,48037,Texas,Bowie
48,TX,48039,Texas,Brazoria
48,TX,48041,Texas,Brazos
48,TX,48043,Texas,Brewster
48,TX,48045,Texas,Briscoe
48,TX,48047,Texas,Brooks
48,TX,48049,Texas,Brown
48,TX,48051,Texas,Burleson
48,TX,48053,Texas,Burnet
48,TX,48055,Texas,Caldwell
48,TX,48057,Texas,Calhoun
48,TX,48059,Texas,Callahan
48,TX,48061,Texas,Cameron
48,TX,48063,Texas,Camp
48,TX,48065,Texas,Carson
48,TX,48067,Texas,Cass
48,TX,48069,Texas,Castro
48,TX,48071,Texas,Chambers
48,TX,48073,Texas,Cherokee
48,TX,48075,Texas,Childress
48,TX,48077,Texas,Clay
48,TX,48079,Texas,Cochran
48,TX,48081,Texas,Coke
48,TX,48083,Texas,Coleman
48,TX,48085,Texas,Collin
48,TX,48087,Texas,Collingsworth
48,TX,48089,Texas,Colorado
48,TX,48091,Texas,Comal
48,TX,48093,Texas,Comanche
48,TX,48095,Texas,Concho
48,TX,48097,Texas,Cooke
48,TX,48099,Texas,Coryell
48,TX,48101,Texas,Cottle
48,TX,48103,Texas,Crane
48,TX,48105,Texas,Crockett
48,TX,48107,Texas,Crosby
48,TX,48109,Texas,Culberson
48,TX,48111,Texas,Dallam
48,TX,48113,Texas,Dallas
48,TX,48115,Texas,Dawson
48,TX,48117,Texas,Deaf Smith
48,TX,48119,Texas,Delta
48,TX,48121,Texas,Denton
48,TX,48123,Texas,DeWitt
48,TX,48125,Texas,Dickens
48,TX,48127,Texas,Dimmit
48,TX,48129,Texas,Donley
48,TX,48131,Texas,Duval
48,TX,48133,Texas,Eastland
48,TX,48135,Texas,Ector
48,TX,48137,Texas,Edwards
48,TX,48139,Texas,Ellis
48,TX,48141,Texas,El Paso
48,TX,48143,Texas,Erath
48,TX,48145,Texas,Falls
48,TX,48147,Texas,Fannin
48,TX,48149,Texas,Fayette
48,TX,48151,Texas,Fisher
48,TX,48153,Texas,Floyd
48,TX,48155,Texas,Foard
48,TX,48157,Texas,Fort Bend
48,TX,48159,Texas,Franklin
48,TX,48161,Texas,Freestone
48,TX,48163,Texas,Frio
48,TX,48165,Texas,Gaines
48,TX,48167,Texas,Galveston
48,TX,48169,Texas,Garza
48,TX,48171,Texas,Gillespie
48,TX,48173,Texas,Glasscock
48,TX,48175,Texas,Goliad
48,TX,48177,Texas,Gonzales
48,TX,48179,Texas,Gray
48,TX,48181,Texas,Grayson
48,TX,48183,Texas,Gregg
48,TX,48185,Texas,Grimes
48,TX,48187,Texas,Guadalupe
48,TX,48189,Texas,Hale
48,TX,48191,Texas,Hall
48,TX,48193,Texas,Hamilton
48,TX,48195,Texas,Hansford
48,TX,48197,Texas,Hardeman
48,TX,48199,Texas,Hardin
48,TX,48201,Texas,Harris
48,TX,48203,Texas,Harrison
48,TX,48205,Texas,Hartley
48,TX,48207,Texas,Haskell
48,TX,48209,Texas,Hays
48,TX,48211,Texas,Hemphill
48,TX,48213,Texas,Henderson
48,TX,48215,Texas,Hidalgo
48,TX,48217,Texas,Hill
48,TX,48219,Texas,Hockley
48,TX,48221,Texas,Hood
48,TX,48223,Texas,Hopkins
48,TX,48225,Texas,Houston
48,TX,48227,Texas,Howard
48,TX,48229,Texas,Hudspeth
48,TX,48231,Texas,Hunt
48,TX,48233,Texas,Hutchinson
48,TX,48235,Texas,Irion
48,TX,48237,Texas,Jack
48,TX,48239,Texas,Jackson
48,TX,48241,Texas,Jasper
48,TX,48243,Texas,Jeff Davis
48,TX,48245,Texas,Jefferson
48,TX,48247,Texas,Jim Hogg
48,TX,48249,Texas,Jim Wells
48,TX,48251,Texas,Johnson
48,TX,48253,Texas,Jones
48,TX,48255,Texas,Karnes
48,TX,48257,Texas,Kaufman
48,TX,48259,Texas,Kendall
48,TX,48261,Texas,Kenedy
48,TX,48263,Texas,Kent
48,TX,48265,Texas,Kerr
48,TX,48267,Texas,Kimble
48,TX,48269,Texas,King
48,TX,48271,Texas,Kinney
48,TX,48273,Texas,Kleberg
48,TX,48275,Texas,Knox
48,TX,48277,Texas,Lamar
48,TX,48279,Texas,Lamb
48,TX,48281,Texas,Lampasas
48,TX,48283,Texas,La Salle
48,TX,48285,Texas,Lavaca
48,TX,48287,Texas,Lee
48,TX,48289,Texas,Leon
48,TX,48291,Texas,Liberty
48,TX,48293,Texas,Limestone
48,TX,48295,Texas,Lipscomb
48,TX,48297,Texas,Live Oak
48,TX,48299,Texas,Llano
48,TX,48301,Texas,Loving
48,TX,48303,Texas,Lubbock
48,TX,48305,Texas,Lynn
48,TX,48307,Texas,McCulloch
48,TX,48309,Texas,McLennan
48,TX,48311,Texas,McMullen
48,TX,48313,Texas,Madison
48,TX,48315,Texas,Marion
48,TX,48317,Texas,Martin
48,TX,48319,Texas,Mason
48,TX,48321,Texas,Matagorda
48,TX,48323,Texas,Maverick
48,TX,48325,Texas,Medina
48,TX,48327,Texas,Menard
48,TX,48329,Texas,Midland
48,TX,48331,Texas,Milam
48,TX,48333,Texas,Mills
48,TX,48335,Texas,Mitchell
48,TX,48337,Texas,Montague
48,TX,48339,Texas,Montgomery
48,TX,48341,Texas,Moore
48,TX,48343,Texas,Morris
48,TX,48345,Texas,Motley
48,TX,48347,Texas,Nacogdoches
48,TX,48349,Texas,Navarro
48,TX,48351,Texas,Newton
48,TX,48353,Texas,Nolan
48,TX,48355,Texas,Nueces
48,TX,48357,Texas,Ochiltree
48,TX,48359,Texas,Oldham
48,TX,48361,Texas,Orange
48,TX,48363,Texas,Palo Pinto
48,TX,48365,Texas,Panola
48,TX,48367,Texas,Parker
48,TX,48369,Texas,Parmer
48,TX,48371,Texas,Pecos
48,TX,48373,Texas,Polk
48,TX,48375,Texas,Potter
48,TX,48377,Texas,Presidio
48,TX,48379,Texas,Rains
48,TX,48381,Texas,Randall
48,TX,48383,Texas,Reagan
48,TX,48385,Texas,Real
48,TX,48387,Texas,Red River
48,TX,48389,Texas,Reeves
48,TX,48391,Texas,Refugio
48,TX,48393,Texas,Roberts
48,TX,48395,Texas,Robertson
48,TX,48397,Texas,Rockwall
48,TX,48399,Texas,Runnels
48,TX,48401,Texas,Rusk
48,TX,48403,Texas,Sabine
48,TX,48405,Texas,San Augustine
48,TX,48407,Texas,San Jacinto
48,TX,48409,Texas,San Patricio
48,TX,48411,Texas,San Saba
48,TX,48413,Texas,Schleicher
48,TX,48415,Texas,Scurry
48,TX,48417,Texas,Shackelford
48,TX,48419,Texas,Shelby
48,TX,48421,Texas,Sherman
48,TX,48423,Texas,Smith
48,TX,48425,Texas,Somervell
48,TX,48427,Texas,Starr
48,TX,48429,Texas,Stephens
48,TX,48431,Texas,Sterling
48,TX,48433,Texas,Stonewall
48,TX,48435,Texas,Sutton
48,TX,48437,Texas,Swisher
48,TX,48439,Texas,Tarrant
48,TX,48441,Texas,Taylor
48,TX,48443,Texas,Terrell
48,TX,48445,Texas,Terry
48,TX,48447,Texas,Throckmorton
48,TX,48449,Texas,Titus
48,TX,48451,Texas,Tom Green
48,TX,48453,Texas,Travis
48,TX,48455,Texas,Trinity
48,TX,48457,Texas,Tyler
48,TX,48459,Texas,Upshur
48,TX,48461,Texas,Upton
48,TX,48463,Texas,Uvalde
48,TX,48465,Texas,Val Verde
48,TX,48467,Texas,Van Zandt
48,TX,48469,Texas,Victoria
48,TX,48471,Texas,Walker
48,TX,48473,Texas,Waller
48,TX,48475,Texas,Ward
48,TX,48477,Texas,Washington
48,TX,48479,Texas,Webb
48,TX,48481,Texas,Wharton
48,TX,48483,Texas,Wheeler
48,TX,48485,Texas,Wichita
48,TX,48487,Texas,Wilbarger
48,TX,48489,Texas,Willacy
48,TX,48491,Texas,Williamson
48,TX,48493,Texas,Wilson
48,TX,48495,Texas,Winkler
48,TX,48497,Texas,Wise
48,TX,48499,Texas,Wood
48,TX,48501,Texas,Yoakum
48,TX,48503,Texas,Young
48,TX,48505,Texas,Zapata
48,TX,48507,Texas,Zavala
49,UT,49001,Utah,Beaver
49,UT,49003,Utah,Box Elder
49,UT,49005,Utah,Cache
49,UT,49007,Utah,Carbon
49,UT,49009,Utah,Daggett
49,UT,49011,Utah,Davis
49,UT,49013,Utah,Duchesne
49,UT,49015,Utah,Emery
49,UT,49017,Utah,Garfield
49,UT,49019,Utah,Grand
49,UT,49021,Utah,Iron
49,UT,49023,Utah,Juab
49,UT,49025,Utah,Kane
49,UT,49027,Utah,Millard
49,UT,49029,Utah,Morgan
49,UT,49031,Utah,Piute
49,UT,49033,Utah,Rich
49,UT,49035,Utah,Salt Lake
49,UT,49037,Utah,San Juan
49,UT,49039,Utah,Sanpete
49,UT,49041,Utah,Sevier
49,UT,49043,Utah,Summit
49,UT,49045,Utah,Tooele
49,UT,49047,Utah,Uintah
49,UT,49049,Utah,Utah
49,UT,49051,Utah,Wasatch
49,UT,49053,Utah,Washington
49,UT,49055,Utah,Wayne
49,UT,49057,Utah,Weber
50,VT,50001,Vermont,Addison
50,VT,50003,Vermont,Bennington
50,VT,50005,Vermont,Caledonia
50,VT,50007,Vermont,Chittenden
50,VT,50009,Vermont,Essex
50,VT,50011,Vermont,Franklin
50,VT,50013,Vermont,Grand Isle
50,VT,50015,Vermont,Lamoille
50,VT,50017,Vermont,Orange
50,VT,50019,Vermont,Orleans
50,VT,50021,Vermont,Rutland
50,VT,50023,Vermont,Washington
50,VT,50025,Vermont,Windham
50,VT,50027,Vermont,Windsor
51,VA,51001,Virginia,Accomack
51,VA,51003,Virginia,Albemarle
51,VA,51005,Virginia,Alleghany
51,VA,51007,Virginia,Amelia
51,VA,51009,Virginia,Amherst
51,VA,51011,Virginia,Appomattox
51,VA,51013,Virginia,Arlington
51,VA,51015,Virginia,Augusta
51,VA,51017,Virginia,Bath
51,VA,51019,Virginia,Bedford
51,VA,51021,Virginia,Bland
51,VA,51023,Virginia,Botetourt
51,VA,51025,Virginia,Brunswick
51,VA,51027,Virginia,Buchanan
51,VA,51029,Virginia,Buckingham
51,VA,51031,Virginia,Campbell
51,VA,51033,Virginia,Caroline
51,VA,51035,Virginia,Carroll
51,VA,51036,Virginia,Charles City
51,VA,51037,Virginia,Charlotte
51,VA,51041,Virginia,Chesterfield
51,VA,51043,Virginia,Clarke
51,VA,51045,Virginia,Craig
51,VA,51047,Virginia,Culpeper
51,VA,51049,Virginia,Cumberland
51,VA,51051,Virginia,Dickenson
51,VA,51053,Virginia,Dinwiddie
51,VA,51057,Virginia,Essex
51,VA,51059,Virginia,Fairfax
51,VA,51061,Virginia,Fauquier
51,VA,51063,Virginia,Floyd
51,VA,51065,Virginia,Fluvanna
51,VA,51067,Virginia,Franklin
51,VA,51069,Virginia,Frederick
51,VA,51071,Virginia,Giles
51,VA,51073,Virginia,Gloucester
51,VA,51075,Virginia,Goochland
51,VA,51077,Virginia,Grayson
51,VA,51079,Virginia,Greene
51,VA,51081,Virginia,Greensville
51,VA,51083,Virginia,Halifax
51,VA,51085,Virginia,Hanover
51,VA,51087,Virginia,Henrico
51,VA,51089,Virginia,Henry
51,VA,51091,Virginia,Highland
51,VA,51093,Virginia,Isle of Wight
51,VA,51095,Virginia,James City
51,VA,51097,Virginia,King and Queen
51,VA,51099,Virginia,King George
51,VA,51101,Virginia,King William
51,VA,51103,Virginia,Lancaster
51,VA,51105,Virginia,Lee
51,VA,51107,Virginia,Loudoun
51,VA,51109,Virginia,Louisa
51,VA,51111,Virginia,Lunenburg
51,VA,51113,Virginia,Madison
51,VA,51115,Virginia,Mathews
51,VA,51117,Virginia,Mecklenburg
51,VA,51119,Virginia,Middlesex
51,VA,51121,Virginia,Montgomery
51,VA,51125,Virginia,Nelson
51,VA,51127,Virginia,New Kent
51,VA,51131,Virginia,Northampton
51,VA,51133,Virginia,Northumberland
51,VA,51135,Virginia,Nottoway
51,VA,51137,Virginia,Orange
51,VA,51139,Virginia,Page
51,VA,51141,Virginia,Patrick
51,VA,51143,Virginia,Pittsylvania
51,VA,51145,Virginia,Powhatan
51,VA,51147,Virginia,Prince Edward
51,VA,51149,Virginia,Prince George
51,VA,51153,Virginia,Prince William
51,VA,51155,Virginia,Pulaski
51,VA,51157,Virginia,Rappahannock
51,VA,51159,Virginia,Richmond
51,VA,51161,Virginia,Roanoke
51,VA,51163,Virginia,Rockbridge
51,VA,51165,Virginia,Rockingham
51,VA,51167,Virginia,Russell
51,VA,51169,Virginia,Scott
51,VA,51171,Virginia,Shenandoah
51,VA,51173,Virginia,Smyth
51,VA,51175,Virginia,Southampton
51,VA,51177,Virginia,Spotsylvania
51,VA,51179,Virginia,Stafford
51,VA,51181,Virginia,Surry
51,VA,51183,Virginia,Sussex
51,VA,51185,Virginia,Tazewell
51,VA,51187,Virginia,Warren
51,VA,51191,Virginia,Washington
51,VA,51193,Virginia,Westmoreland
51,VA,51195,Virginia,Wise
51,VA,51197,Virginia,Wythe
51,VA,51199,Virginia,York
51,VA,51510,Virginia,Alexandria
51,VA,51520,Virginia,Bristol
51,VA,51530,Virginia,Buena Vista
51,VA,51540,Virginia,Charlottesville
51,VA,51550,Virginia,Chesapeake
51,VA,51570,Virginia,Colonial Heights
51,VA,51580,Virginia,Covington
51,VA,51590,Virginia,Danville
51,VA,51595,Virginia,Emporia
51,VA,51600,Virginia,Fairfax
51,VA,51610,Virginia,Falls Church
51,VA,51620,Virginia,Franklin
51,VA,51630,Virginia,Fredericksburg
51,VA,51640,Virginia,Galax
51,VA,51650,Virginia,Hampton
51,VA,51660,Virginia,Harrisonburg
51,VA,51670,Virginia,Hopewell
51,VA,51678,Virginia,Lexington
51,VA,51680,Virginia,Lynchburg
51,VA,51683,Virginia,Manassas
51,VA,51685,Virginia,Manassas Park
51,VA,51690,Virginia,Martinsville
51,VA,51700,Virginia,Newport News
51,VA,51710,Virginia,Norfolk
51,VA,51720,Virginia,Norton
51,VA,51730,Virginia,Petersburg
51,VA,51735,Virginia,Poquoson
51,VA,51740,Virginia,Portsmouth
51,VA,51750,Virginia,Radford
51,VA,51760,Virginia,Richmond
51,VA,51770,Virginia,Roanoke
51,VA,51775,Virginia,Salem
51,VA,51790,Virginia,Staunton
51,VA,51800,Virginia,Suffolk
51,VA,51810,Virginia,Virginia Beach
51,VA,51820,Virginia,Waynesboro
51,VA,51830,Virginia,Williamsburg
51,VA,51840,Virginia,Winchester
53,WA,53001,Washington,Adams
53,WA,53003,Washington,Asotin
53,WA,53005,Washington,Benton
53,WA,53007,Washington,Chelan
53,WA,53009,Washington,Clallam
53,WA,53011,Washington,Clark
53,WA,53013,Washington,Columbia
53,WA,53015,Washington,Cowlitz
53,WA,53017,Washington,Douglas
53,WA,53019,Washington,Ferry
53,WA,53021,Washington,Franklin
53,WA,53023,Washington,Garfield
53,WA,53025,Washington,Grant
53,WA,53027,Washington,Grays Harbor
53,WA,53029,Washington,Island
53,WA,53031,Washington,Jefferson
53,WA,53033,Washington,King
53,WA,53035,Washington,Kitsap
53,WA,53037,Washington,Kittitas
53,WA,53039,Washington,Klickitat
53,WA,53041,Washington,Lewis
53,WA,53043,Washington,Lincoln
53,WA,53045,Washington,Mason
53,WA,53047,Washington,Okanogan
53,WA,53049,Washington,Pacific
53,WA,53051,Washington,Pend Oreille
53,WA,53053,Washington,Pierce
53,WA,53055,Washington,San Juan
53,WA,53057,Washington,Skagit
53,WA,53059,Washington,Skamania
53,WA,53061,Washington,Snohomish
53,WA,53063,Washington,Spokane
53,WA,53065,Washington,Stevens
53,WA,53067,Washington,Thurston
53,WA,53069,Washington,Wahkiakum
53,WA,53071,Washington,Walla Walla
53,WA,53073,Washington,Whatcom
53,WA,53075,Washington,Whitman
53,WA,53077,Washington,Yakima
54,WV,54001,West Virginia,Barbour
54,WV,54003,West Virginia,Berkeley
54,WV,54005,West Virginia,Boone
54,WV,54007,West Virginia,Braxton
54,WV,54009,West Virginia,Brooke
54,WV,54011,West Virginia,Cabell
54,WV,54013,West Virginia,Calhoun
54,WV,54015,West Virginia,Clay
54,WV,54017,West Virginia,Doddridge
54,WV,54019,West Virginia,Fayette
54,WV,54021,West Virginia,Gilmer
54,WV,54023,West Virginia,Grant
54,WV,54025,West Virginia,Greenbrier
54,WV,54027,West Virginia,Hampshire
54,WV,54029,West Virginia,Hancock
54,WV,54031,West Virginia,Hardy
54,WV,54033,West Virginia,Harrison
54,WV,54035,West Virginia,Jackson
54,WV,54037,West Virginia,Jefferson
54,WV,54039,West Virginia,Kanawha
54,WV,54041,West Virginia,Lewis
54,WV,54043,West Virginia,Lincoln
54,WV,54045,West Virginia,Logan
54,WV,54047,West Virginia,McDowell
54,WV,54049,West Virginia,Marion
54,WV,54051,West Virginia,Marshall
54,WV,54053,West Virginia,Mason
54,WV,54055,West Virginia,Mercer
54,WV,54057,West Virginia,Mineral
54,WV,54059,West Virginia,Mingo
54,WV,54061,West Virginia,Monongalia
54,WV,54063,West Virginia,Monroe
54,WV,54065,West Virginia,Morgan
54,WV,54067,West Virginia,Nicholas
54,WV,54069,West Virginia,Ohio
54,WV,54071,West Virginia,Pendleton
54,WV,54073,West Virginia,Pleasants
54,WV,54075,West Virginia,Pocahontas
54,WV,54077,West Virginia,Preston
54,WV,54079,West Virginia,Putnam
54,WV,54081,West Virginia,Raleigh
54,WV,54083,West Virginia,Randolph
54,WV,54085,West Virginia,Ritchie
54,WV,54087,West Virginia,Roane
54,WV,54089,West Virginia,Summers
54,WV,54091,West Virginia,Taylor
54,WV,54093,West Virginia,Tucker
54,WV,54095,West Virginia,Tyler
54,WV,54097,West Virginia,Upshur
54,WV,54099,West Virginia,Wayne
54,WV,54101,West Virginia,Webster
54,WV,54103,West Virginia,Wetzel
54,WV,54105,West Virginia,Wirt
54,WV,54107,West Virginia,Wood
54,WV,54109,West Virginia,Wyoming
55,WI,55001,Wisconsin,Adams
55,WI,55003,Wisconsin,Ashland
55,WI,55005,Wisconsin,Barron
55,WI,55007,Wisconsin,Bayfield
55,WI,55009,Wisconsin,Brown
55,WI,55011,Wisconsin,Buffalo
55,WI,55013,Wisconsin,Burnett
55,WI,55015,Wisconsin,Calumet
55,WI,55017,Wisconsin,Chippewa
55,WI,55019,Wisconsin,Clark
55,WI,55021,Wisconsin,Columbia
55,WI,55023,Wisconsin,Crawford
55,WI,55025,Wisconsin,Dane
55,WI,55027,Wisconsin,Dodge
55,WI,55029,Wisconsin,Door
55,WI,55031,Wisconsin,Douglas
55,WI,55033,Wisconsin,Dunn
55,WI,55035,Wisconsin,Eau Claire
55,WI,55037,Wisconsin,Florence
55,WI,55039,Wisconsin,Fond du Lac
55,WI,55041,Wisconsin,Forest
55,WI,55043,Wisconsin,Grant
55,WI,55045,Wisconsin,Green
55,WI,55047,Wisconsin,Green Lake
55,WI,55049,Wisconsin,Iowa
55,WI,55051,Wisconsin,Iron
55,WI,55053,Wisconsin,Jackson
55,WI,55055,Wisconsin,Jefferson
55,WI,55057,Wisconsin,Juneau
55,WI,55059,Wisconsin,Kenosha
55,WI,55061,Wisconsin,Kewaunee
55,WI,55063,Wisconsin,La Crosse
55,WI,55065,Wisconsin,Lafayette
55,WI,55067,Wisconsin,Langlade
55,WI,55069,Wisconsin,Lincoln
55,WI,55071,Wisconsin,Manitowoc
55,WI,55073,Wisconsin,Marathon
55,WI,55075,Wisconsin,Marinette
55,WI,55077,Wisconsin,Marquette
55,WI,55078,Wisconsin,Menominee
55,WI,55079,Wisconsin,Milwaukee
55,WI,55081,Wisconsin,Monroe
55,WI,55083,Wisconsin,Oconto
55,WI,55085,Wisconsin,Oneida
55,WI,55087,Wisconsin,Outagamie
55,WI,55089,Wisconsin,Ozaukee
55,WI,55091,Wisconsin,Pepin
55,WI,55093,Wisconsin,Pierce
55,WI,55095,Wisconsin,Polk
55,WI,55097,Wisconsin,Portage
55,WI,55099,Wisconsin,Price
55,WI,55101,Wisconsin,Racine
55,WI,55103,Wisconsin,Richland
55,WI,55105,Wisconsin,Rock
55,WI,55107,Wisconsin,Rusk
55,WI,55109,Wisconsin,St. Croix
55,WI,55111,Wisconsin,Sauk
55,WI,55113,Wisconsin,Sawyer
55,WI,55115,Wisconsin,Shawano
55,WI,55117,Wisconsin,Sheboygan
55,WI,55119,Wisconsin,Taylor
55,WI,55121,Wisconsin,Trempealeau
55,WI,55123,Wisconsin,Vernon
55,WI,55125,Wisconsin,Vilas
55,WI,55127,Wisconsin,Walworth
55,WI,55129,Wisconsin,Washburn
55,WI,55131,Wisconsin,Washington
55,WI,55133,Wisconsin,Waukesha
55,WI,55135,Wisconsin,Waupaca
55,WI,55137,Wisconsin,Waushara
55,WI,55139,Wisconsin,Winnebago
55,WI,55141,Wisconsin,Wood
56,WY,56001,Wyoming,Albany
56,WY,56003,Wyoming,Big Horn
56,WY,56005,Wyoming,Campbell
56,WY,56007,Wyoming,Carbon
56,WY,56009,Wyoming,Converse
56,WY,56011,Wyoming,Crook
56,WY,56013,Wyoming,Fremont
56,WY,56015,Wyoming,Goshen
56,WY,56017,Wyoming,Hot Springs
56,WY,56019,Wyoming,Johnson
56,WY,56021,Wyoming,Laramie
56,WY,56023,Wyoming,Lincoln
56,WY,56025,Wyoming,Natrona
56,WY,56027,Wyoming,Niobrara
56,WY,56029,Wyoming,Park
56,WY,56031,Wyoming,Platte
56,WY,56033,Wyoming,Sheridan
56,WY,56035,Wyoming,Sublette
56,WY,56037,Wyoming,Sweetwater
56,WY,56039,Wyoming,Teton
56,WY,56041,Wyoming,Uinta
56,WY,56043,Wyoming,Washakie
56,WY,56045,Wyoming,Weston
60,AS,60010,American Samoa,Eastern
60,AS,60020,American Samoa,Manu'a
60,AS,60050,American Samoa,Western
66,GU,66010,Guam,Guam
69,MP,69085,Commonwealth of the Northern Mariana Islands,Northern Islands
69,MP,69100,Commonwealth of the Northern Mariana Islands,Rota
69,MP,69110,Commonwealth of the Northern Mariana Islands,Saipan
69,MP,69120,Commonwealth of the Northern Mariana Islands,Tinian
72,PR,72001,Puerto Rico,Adjuntas
72,PR,72003,Puerto Rico,Aguada
72,PR,72005,Puerto Rico,Aguadilla
72,PR,72007,Puerto Rico,Aguas Buenas
72,PR,72009,Puerto Rico,Aibonito
72,PR,72011,Puerto Rico,Aasco
72,PR,72013,Puerto Rico,Arecibo
72,PR,72015,Puerto Rico,Arroyo
72,PR,72017,Puerto Rico,Barceloneta
72,PR,72019,Puerto Rico,Barranquitas
72,PR,72021,Puerto Rico,Bayamn
72,PR,72023,Puerto Rico,Cabo Rojo
72,PR,72025,Puerto Rico,Caguas
72,PR,72027,Puerto Rico,Camuy
72,PR,72029,Puerto Rico,Canvanas
72,PR,72031,Puerto Rico,Carolina
72,PR,72033,Puerto Rico,Catao
72,PR,72035,Puerto Rico,Cayey
72,PR,72037,Puerto Rico,Ceiba
72,PR,72039,Puerto Rico,Ciales
72,PR,72041,Puerto Rico,Cidra
72,PR,72043,Puerto Rico,Coamo
72,PR,72045,Puerto Rico,Comero
72,PR,72047,Puerto Rico,Corozal
72,PR,72049,Puerto Rico,Culebra
72,PR,72051,Puerto Rico,Dorado
72,PR,72053,Puerto Rico,Fajardo
72,PR,72054,Puerto Rico,Florida
72,PR,72055,Puerto Rico,Gunica
72,PR,72057,Puerto Rico,Guayama
72,PR,72059,Puerto Rico,Guayanilla
72,PR,72061,Puerto Rico,Guaynabo
72,PR,72063,Puerto Rico,Gurabo
72,PR,72065,Puerto Rico,Hatillo
72,PR,72067,Puerto Rico,Hormigueros
72,PR,72069,Puerto Rico,Humacao
72,PR,72071,Puerto Rico,Isabela
72,PR,72073,Puerto Rico,Jayuya
72,PR,72075,Puerto Rico,Juana Daz
72,PR,72077,Puerto Rico,Juncos
72,PR,72079,Puerto Rico,Lajas
72,PR,72081,Puerto Rico,Lares
72,PR,72083,Puerto Rico,Las Maras
72,PR,72085,Puerto Rico,Las Piedras
72,PR,72087,Puerto Rico,Loza
72,PR,72089,Puerto Rico,Luquillo
72,PR,72091,Puerto Rico,Manat
72,PR,72093,Puerto Rico,Maricao
72,PR,72095,Puerto Rico,Maunabo
72,PR,72097,Puerto Rico,Mayagez
72,PR,72099,Puerto Rico,Moca
72,PR,72101,Puerto Rico,Morovis
72,PR,72103,Puerto Rico,Naguabo
72,PR,72105,Puerto Rico,Naranjito
72,PR,72107,Puerto Rico,Orocovis
72,PR,72109,Puerto Rico,Patillas
72,PR,72111,Puerto Rico,Peuelas
72,PR,72113,Puerto Rico,Ponce
72,PR,72115,Puerto Rico,Quebradillas
72,PR,72117,Puerto Rico,Rincn
72,PR,72119,Puerto Rico,Ro Grande
72,PR,72121,Puerto Rico,Sabana Grande
72,PR,72123,Puerto Rico,Salinas
72,PR,72125,Puerto Rico,San Germn
72,PR,72127,Puerto Rico,San Juan
72,PR,72129,Puerto Rico,San Lorenzo
72,PR,72131,Puerto Rico,San Sebastin
72,PR,72133,Puerto Rico,Santa Isabel
72,PR,72135,Puerto Rico,Toa Alta
72,PR,72137,Puerto Rico,Toa Baja
72,PR,72139,Puerto Rico,Trujillo Alto
72,PR,72141,Puerto Rico,Utuado
72,PR,72143,Puerto Rico,Vega Alta
72,PR,72145,Puerto Rico,Vega Baja
72,PR,72147,Puerto Rico,Vieques
72,PR,72149,Puerto Rico,Villalba
72,PR,72151,Puerto Rico,Yabucoa
72,PR,72153,Puerto Rico,Yauco
78,VI,78010,United States Virgin Islands,St. Croix
78,VI,78020,United States Virgin Islands,St. John
78,VI,78030,United States Virgin Islands,St. Thomas
